Season,Contestant,Survival Score,Survival Average,Challenge Wins,Challenge Appearances,Challenge Win %,Sit Outs,Votes For Bootee,Votes Against (Total),Total Votes Cast,Tribal Council Appearances,Tribal Counicl %,Tribal Council Ratio (Weighted),Jury Votes For,Total Numbers Of Jurors,Jury Votes %,Idols Found,Idols Held,Idols Played,Votes Voided,Immunity Challenge Wins,Immunity Challenge Appearances,Advantages Found,Advantages Played,Notes
1,Kelly Wiglesworth,1.34,12.26,5.87,16.1,0.36,2,6,0,71,11,0.55,3.82,3,7,0.43,0.0,0.0,0.0,0.0,4.0,8.0,0.0,0.0,
1,Richard Hatch,1.58,7.82,1.87,16.1,0.12,0,9,6,70,10,0.89,2.52,4,7,0.57,0.0,0.0,0.0,0.0,0.0,0.0,0.0,0.0,
1,Rudy Boesch,1.09,3.95,1.62,15.1,0.11,3,10,8,71,10,0.99,2.33,0,0,0.0,0.0,0.0,0.0,0.0,0.0,0.0,0.0,0.0,
1,Gretchen Cordy,1.12,3.85,1.23,3.07,0.4,0,3,4,31,4,0.72,2.63,0,0,0.0,0.0,0.0,0.0,0.0,0.0,0.0,0.0,0.0,
1,Susan Hawk,0.95,3.67,0.87,15.1,0.06,0,9,5,70,10,0.89,2.8,0,0,0.0,0.0,0.0,0.0,0.0,0.0,0.0,0.0,0.0,
1,Colleen Haskell,0.57,3.51,2.56,12.07,0.21,3,3,7,61,8,0.36,0.95,0,0,0.0,0.0,0.0,0.0,0.0,0.0,0.0,0.0,0.0,
1,Sean Kenniff,0.78,3.3,1.87,14.1,0.13,0,6,9,66,9,0.65,1.44,0,0,0.0,0.0,0.0,0.0,0.0,0.0,0.0,0.0,0.0,
1,Gervase Peterson,0.45,3.29,2.89,9.07,0.32,2,1,6,55,7,0.13,0.4,0,0,0.0,0.0,0.0,0.0,0.0,0.0,0.0,0.0,0.0,
1,Joel Klug,1.03,3.23,0.89,2.07,0.43,1,2,4,21,3,0.6,2.33,0,0,0.0,0.0,0.0,0.0,0.0,0.0,0.0,0.0,0.0,
1,Greg Buis,0.67,3.12,2.56,5.07,0.5,2,1,6,40,5,0.17,0.56,0,0,0.0,0.0,0.0,0.0,0.0,0.0,0.0,0.0,0.0,
1,Dirk Been,1.01,2.95,0.62,1.51,0.41,1,2,4,21,3,0.6,2.33,0,0,0.0,0.0,0.0,0.0,0.0,0.0,0.0,0.0,0.0,
1,Jenna Lewis,0.8,2.47,1.23,7.07,0.17,0,4,11,48,6,0.63,1.24,0,0,0.0,0.0,0.0,0.0,0.0,0.0,0.0,0.0,0.0,
1,Ramona Gray,0.7,1.79,0.39,0.99,0.4,1,1,6,15,2,0.3,1.4,0,0,0.0,0.0,0.0,0.0,0.0,0.0,0.0,0.0,0.0,
1,Stacey Stillman,0.22,0.29,0.29,0.68,0.42,0,0,6,15,2,-0.2,0.0,0,0,0.0,0.0,0.0,0.0,0.0,0.0,0.0,0.0,0.0,
1,Bb Andersen,-0.11,0.25,0.25,0.39,0.64,0,0,6,8,1,-0.75,0.0,0,0,0.0,0.0,0.0,0.0,0.0,0.0,0.0,0.0,0.0,
1,Sonja Christopher,-0.5,0.0,0.0,0.13,0.0,0,0,4,8,1,-0.5,0.0,0,0,0.0,0.0,0.0,0.0,0.0,0.0,0.0,0.0,0.0,
2,Colby Donaldson,1.95,13.49,8.09,13.09,0.62,0,10,5,71,11,0.9,2.83,3,7,0.43,0.0,0.0,0.0,0.0,5.0,8.0,0.0,0.0,
2,Tina Wesson,1.62,11.02,0.59,13.09,0.05,0,10,0,70,10,1.0,7.0,4,7,0.57,0.0,0.0,0.0,0.0,0.0,0.0,0.0,0.0,
2,Keith Famie,1.09,4.69,2.59,13.09,0.2,0,9,8,71,10,0.89,2.1,0,0,0.0,0.0,0.0,0.0,0.0,0.0,0.0,0.0,0.0,
2,Nick Brown,0.77,3.72,1.97,7.03,0.28,0,3,4,49,6,0.49,1.75,0,0,0.0,0.0,0.0,0.0,0.0,0.0,0.0,0.0,0.0,
2,Jerri Manthey,0.97,3.26,2.09,6.09,0.34,0,4,12,48,6,0.63,1.17,0,0,0.0,0.0,0.0,0.0,0.0,0.0,0.0,0.0,0.0,
2,Michael Skupin,1.21,2.84,0.97,1.53,0.64,0,2,0,15,2,0.57,1.87,0,0,0.0,0.0,0.0,0.0,0.0,0.0,0.0,0.0,0.0,
2,Mitchell Olson,1.0,2.73,0.39,0.99,0.4,0,2,4,21,3,0.6,2.33,0,0,0.0,0.0,0.0,0.0,0.0,0.0,0.0,0.0,0.0,
2,Jeff Varner,0.96,2.67,0.97,2.53,0.38,0,2,7,25,3,0.57,1.7,0,0,0.0,0.0,0.0,0.0,0.0,0.0,0.0,0.0,0.0,
2,Alicia Calaway,0.68,2.53,0.97,4.53,0.21,0,2,5,34,4,0.46,1.56,0,0,0.0,0.0,0.0,0.0,0.0,0.0,0.0,0.0,0.0,
2,Elisabeth Filarski,0.52,2.35,0.97,12.03,0.08,0,4,5,64,9,0.44,1.38,0,0,0.0,0.0,0.0,0.0,0.0,0.0,0.0,0.0,0.0,
2,Amber Mariano,0.68,2.34,0.59,9.09,0.07,0,5,6,61,8,0.61,1.75,0,0,0.0,0.0,0.0,0.0,0.0,0.0,0.0,0.0,0.0,
2,Rodger Bingham,0.55,2.13,0.57,10.03,0.06,2,4,5,60,8,0.49,1.56,0,0,0.0,0.0,0.0,0.0,0.0,0.0,0.0,0.0,0.0,
2,Kimmi Kappenberg,0.73,1.97,0.57,1.33,0.43,1,1,6,15,2,0.3,1.4,0,0,0.0,0.0,0.0,0.0,0.0,0.0,0.0,0.0,0.0,
2,Maralyn Hershey,0.93,1.95,0.39,0.66,0.59,0,1,5,15,2,0.33,1.56,0,0,0.0,0.0,0.0,0.0,0.0,0.0,0.0,0.0,0.0,
2,Kel Gleason,-0.21,0.25,0.25,0.38,0.67,0,0,7,8,1,-0.88,0.0,0,0,0.0,0.0,0.0,0.0,0.0,0.0,0.0,0.0,0.0,
2,Debb Eaton,-0.88,0.0,0.0,0.13,0.0,0,0,7,8,1,-0.88,0.0,0,0,0.0,0.0,0.0,0.0,0.0,0.0,0.0,0.0,0.0,
3,Ethan Zohn,1.93,14.15,2.87,13.29,0.22,0,10,0,70,10,1.0,7.0,5,7,0.71,0.0,0.0,0.0,0.0,0.0,0.0,0.0,0.0,
3,Kim Johnson,1.5,10.18,2.87,13.29,0.22,0,11,1,71,11,1.0,5.6,2,7,0.29,0.0,0.0,0.0,0.0,0.0,0.0,0.0,0.0,
3,Lex Van Den Berghe,1.33,7.67,5.87,13.29,0.44,0,9,10,71,10,0.89,1.8,0,0,0.0,0.0,0.0,0.0,0.0,0.0,0.0,0.0,0.0,
3,Tom Buchanan,0.83,3.45,1.67,12.29,0.14,1,7,7,71,10,0.69,1.78,0,0,0.0,0.0,0.0,0.0,0.0,0.0,0.0,0.0,0.0,
3,Kelly Goldsmith,0.96,3.36,0.87,4.79,0.18,1,4,5,41,5,0.78,2.49,0,0,0.0,0.0,0.0,0.0,0.0,0.0,0.0,0.0,0.0,
3,Brandon Quinton,0.87,3.27,1.4,6.27,0.22,1,4,6,48,6,0.65,1.87,0,0,0.0,0.0,0.0,0.0,0.0,0.0,0.0,0.0,0.0,
3,Kim Powers,0.71,3.09,0.9,9.27,0.1,1,5,4,61,8,0.62,2.19,0,0,0.0,0.0,0.0,0.0,0.0,0.0,0.0,0.0,0.0,
3,Teresa Cooper,0.5,3.07,1.9,11.27,0.17,2,3,4,66,9,0.33,1.17,0,0,0.0,0.0,0.0,0.0,0.0,0.0,0.0,0.0,0.0,
3,Lindsey Richter,1.07,2.6,0.9,1.77,0.51,0,2,7,21,3,0.56,1.7,0,0,0.0,0.0,0.0,0.0,0.0,0.0,0.0,0.0,0.0,
3,Frank Garrison,0.6,2.33,1.4,7.27,0.19,0,3,9,55,7,0.41,0.92,0,0,0.0,0.0,0.0,0.0,0.0,0.0,0.0,0.0,0.0,
3,Silas Gaither,1.05,2.26,0.7,1.37,0.51,0,2,8,21,3,0.54,1.56,0,0,0.0,0.0,0.0,0.0,0.0,0.0,0.0,0.0,0.0,
3,Clarence Black,0.72,1.74,0.87,2.79,0.31,0,2,12,32,4,0.41,0.88,0,0,0.0,0.0,0.0,0.0,0.0,0.0,0.0,0.0,0.0,
3,Jessie Camacho,0.31,1.4,0.0,0.39,0.0,0,1,6,16,2,0.31,1.4,0,0,0.0,0.0,0.0,0.0,0.0,0.0,0.0,0.0,0.0,
3,Carl Bilancione,0.04,0.39,0.39,0.73,0.54,1,0,4,8,1,-0.5,0.0,0,0,0.0,0.0,0.0,0.0,0.0,0.0,0.0,0.0,0.0,
3,Linda Spencer,0.13,0.27,0.27,1.04,0.26,2,0,4,15,2,-0.13,0.0,0,0,0.0,0.0,0.0,0.0,0.0,0.0,0.0,0.0,0.0,
3,Diane Ogden,-0.75,0.0,0.0,0.13,0.0,0,0,6,8,1,-0.75,0.0,0,0,0.0,0.0,0.0,0.0,0.0,0.0,0.0,0.0,0.0,
4,Vecepia Towery,1.48,9.27,2.45,13.48,0.18,2,8,2,78,11,0.72,3.39,4,7,0.57,0.0,0.0,0.0,0.0,0.0,0.0,0.0,0.0,
4,Paschal English,1.12,9.07,2.84,12.46,0.23,1,8,0,58,9,0.89,6.22,0,0,0.0,0.0,0.0,0.0,0.0,0.0,0.0,0.0,0.0,
4,Neleh Dennis,1.5,8.06,2.34,13.46,0.17,1,9,4,59,10,0.89,3.15,3,7,0.43,0.0,0.0,0.0,0.0,0.0,0.0,0.0,0.0,
4,Kathy Vavrick-Obrien,1.1,6.93,4.51,13.46,0.34,0,7,5,59,9,0.77,2.42,0,0,0.0,0.0,0.0,0.0,0.0,0.0,0.0,0.0,0.0,
4,Tammy Leitner,0.93,4.88,3.01,8.46,0.36,3,3,5,42,5,0.58,1.87,0,0,0.0,0.0,0.0,0.0,0.0,0.0,0.0,0.0,0.0,
4,Sean Rector,0.84,3.53,1.75,11.48,0.15,3,7,7,74,10,0.69,1.78,0,0,0.0,0.0,0.0,0.0,0.0,0.0,0.0,0.0,0.0,
4,Robert Decanio,0.65,3.02,1.62,9.46,0.17,4,3,6,48,6,0.48,1.4,0,0,0.0,0.0,0.0,0.0,0.0,0.0,0.0,0.0,0.0,
4,Zoe Zanidakis,0.84,2.71,0.96,6.46,0.15,2,3,8,35,4,0.69,1.75,0,0,0.0,0.0,0.0,0.0,0.0,0.0,0.0,0.0,0.0,
4,Gina Crews,0.76,2.35,0.75,1.98,0.13,1,2,3,30,5,0.38,1.6,0,0,0.0,0.0,0.0,0.0,0.0,0.0,0.0,0.0,0.0,
4,Rob Mariano,0.84,2.12,0.25,2.98,0.08,2,4,8,39,5,0.76,1.87,0,0,0.0,0.0,0.0,0.0,0.0,0.0,0.0,0.0,0.0,
4,John Carroll,0.68,2.12,0.56,4.96,0.11,4,2,8,27,3,0.57,1.56,0,0,0.0,0.0,0.0,0.0,0.0,0.0,0.0,0.0,0.0,
4,Patricia Jackson,0.33,1.56,0.0,0.41,0.0,0,1,5,15,2,0.33,1.56,0,0,0.0,0.0,0.0,0.0,0.0,0.0,0.0,0.0,0.0,
4,Sarah Jones,0.64,1.4,0.0,0.98,0.0,0,3,11,26,4,0.64,1.4,0,0,0.0,0.0,0.0,0.0,0.0,0.0,0.0,0.0,0.0,
4,Hunter Ellis,0.27,1.17,0.0,0.78,0.0,0,1,4,21,3,0.27,1.17,0,0,0.0,0.0,0.0,0.0,0.0,0.0,0.0,0.0,0.0,
4,Gabriel Cade,-0.22,0.96,0.96,1.46,0.66,1,0,7,8,1,-0.88,0.0,0,0,0.0,0.0,0.0,0.0,0.0,0.0,0.0,0.0,0.0,
4,Peter Harkey,-0.63,0.0,0.0,0.13,0.0,0,0,5,8,1,-0.63,0.0,0,0,0.0,0.0,0.0,0.0,0.0,0.0,0.0,0.0,0.0,
5,Brian Heidik,2.13,16.61,6.18,11.13,0.56,0,9,0,52,9,1.0,7.0,4,7,0.57,0.0,0.0,0.0,0.0,3.0,6.0,0.0,0.0,
5,Clay Jordan,1.49,7.82,2.18,11.13,0.2,0,7,4,51,8,0.87,3.06,3,7,0.43,0.0,0.0,0.0,0.0,0.0,0.0,0.0,0.0,
5,Ted Rogers,1.18,5.37,3.18,9.13,0.35,0,6,7,47,7,0.84,2.18,0,0,0.0,0.0,0.0,0.0,0.0,0.0,0.0,0.0,0.0,
5,Helen Glover,0.93,4.27,1.93,10.13,0.19,0,6,5,51,8,0.74,2.33,0,0,0.0,0.0,0.0,0.0,0.0,0.0,0.0,0.0,0.0,
5,Jan Gentry,0.97,4.25,1.18,11.13,0.11,0,7,4,52,8,0.87,3.06,0,0,0.0,0.0,0.0,0.0,0.0,0.0,0.0,0.0,0.0,
5,Erin Collins,1.22,4.14,0.94,2.13,0.44,0,4,3,30,5,0.78,3.2,0,0,0.0,0.0,0.0,0.0,0.0,0.0,0.0,0.0,0.0,
5,Ken Stafford,1.04,3.28,0.94,4.13,0.23,0,5,6,38,6,0.81,2.33,0,0,0.0,0.0,0.0,0.0,0.0,0.0,0.0,0.0,0.0,
5,Penny Ramsey,0.85,3.17,0.94,6.13,0.15,0,5,5,45,7,0.7,2.22,0,0,0.0,0.0,0.0,0.0,0.0,0.0,0.0,0.0,0.0,
5,Jake Billingsley,0.74,2.53,0.94,7.13,0.13,0,5,7,51,8,0.61,1.59,0,0,0.0,0.0,0.0,0.0,0.0,0.0,0.0,0.0,0.0,
5,Shii Ann Huang,0.89,1.93,0.43,1.88,0.23,0,3,10,26,4,0.65,1.5,0,0,0.0,0.0,0.0,0.0,0.0,0.0,0.0,0.0,0.0,
5,Tanya Vance,0.33,1.56,0.0,0.41,0.0,0,1,5,15,2,0.33,1.56,0,0,0.0,0.0,0.0,0.0,0.0,0.0,0.0,0.0,0.0,
5,Ghandia Johnson,0.56,1.37,0.33,1.08,0.31,0,1,5,21,3,0.25,1.04,0,0,0.0,0.0,0.0,0.0,0.0,0.0,0.0,0.0,0.0,
5,Robb Zbacnik,0.48,0.94,0.94,1.68,0.56,0,0,5,21,3,-0.08,0.0,0,0,0.0,0.0,0.0,0.0,0.0,0.0,0.0,0.0,0.0,
5,Stephanie Dill,0.17,0.43,0.43,1.28,0.34,0,0,5,15,2,-0.17,0.0,0,0,0.0,0.0,0.0,0.0,0.0,0.0,0.0,0.0,0.0,
5,Jed Hildebrand,-0.07,0.41,0.41,0.74,0.55,0,0,5,8,1,-0.63,0.0,0,0,0.0,0.0,0.0,0.0,0.0,0.0,0.0,0.0,0.0,
5,John Raymond,-0.75,0.0,0.0,0.13,0.0,0,0,6,8,1,-0.75,0.0,0,0,0.0,0.0,0.0,0.0,0.0,0.0,0.0,0.0,0.0,
6,Jenna Morasca,2.04,13.14,4.72,12.93,0.37,2,9,3,71,11,0.81,3.27,6,7,0.86,0.0,0.0,0.0,0.0,4.0,8.0,0.0,0.0,
6,Matthew Von Ertfelda,1.39,8.02,4.64,12.93,0.36,0,9,6,70,10,0.89,2.52,1,7,0.14,0.0,0.0,0.0,0.0,0.0,0.0,0.0,0.0,
6,Rob Cesternino,1.12,5.14,1.64,12.93,0.13,0,10,4,71,10,0.99,3.55,0,0,0.0,0.0,0.0,0.0,0.0,0.0,0.0,0.0,0.0,
6,Deena Bennett,1.11,4.39,2.05,6.93,0.3,1,5,6,48,6,0.81,2.33,0,0,0.0,0.0,0.0,0.0,0.0,0.0,0.0,0.0,0.0,
6,Heidi Strobel,0.86,4.06,0.95,10.93,0.09,0,7,3,66,9,0.77,3.11,0,0,0.0,0.0,0.0,0.0,0.0,0.0,0.0,0.0,0.0,
6,Alex Bell,0.95,3.98,1.98,7.93,0.25,0,5,6,55,7,0.7,2.0,0,0,0.0,0.0,0.0,0.0,0.0,0.0,0.0,0.0,0.0,
6,Dave Johnson,0.81,3.14,2.21,4.93,0.45,0,2,8,40,5,0.36,0.93,0,0,0.0,0.0,0.0,0.0,0.0,0.0,0.0,0.0,0.0,
6,Butch Lockley,0.77,3.05,0.88,11.93,0.07,0,7,5,70,10,0.69,2.18,0,0,0.0,0.0,0.0,0.0,0.0,0.0,0.0,0.0,0.0,
6,Roger Sexton,1.0,2.28,0.88,2.6,0.34,0,3,11,31,4,0.66,1.4,0,0,0.0,0.0,0.0,0.0,0.0,0.0,0.0,0.0,0.0,
6,Christy Smith,0.57,1.89,0.81,8.93,0.09,1,4,9,61,8,0.48,1.08,0,0,0.0,0.0,0.0,0.0,0.0,0.0,0.0,0.0,0.0,
6,Shawna Mitchell,0.69,1.65,0.72,1.6,0.45,2,1,6,21,3,0.24,0.93,0,0,0.0,0.0,0.0,0.0,0.0,0.0,0.0,0.0,0.0,
6,Jeanne Hebert,0.72,1.59,0.55,1.2,0.46,0,1,5,21,3,0.25,1.04,0,0,0.0,0.0,0.0,0.0,0.0,0.0,0.0,0.0,0.0,
6,Joanna Ward,0.4,0.55,0.55,1.03,0.54,0,0,4,15,2,-0.13,0.0,0,0,0.0,0.0,0.0,0.0,0.0,0.0,0.0,0.0,0.0,
6,Janet Koth,0.03,0.27,0.27,0.41,0.65,0,0,5,8,1,-0.63,0.0,0,0,0.0,0.0,0.0,0.0,0.0,0.0,0.0,0.0,0.0,
6,Daniel Lue,-0.03,0.14,0.14,0.7,0.21,0,0,7,15,2,-0.23,0.0,0,0,0.0,0.0,0.0,0.0,0.0,0.0,0.0,0.0,0.0,
6,Ryan Aiken,-0.5,0.0,0.0,0.13,0.0,0,0,4,8,1,-0.5,0.0,0,0,0.0,0.0,0.0,0.0,0.0,0.0,0.0,0.0,0.0,
7,Sandra Diaz-Twine,1.75,11.84,0.97,13.88,0.07,0,9,0,74,11,0.82,5.73,6,7,0.86,0.0,0.0,0.0,0.0,0.0,0.0,0.0,0.0,
7,Darrah Johnson,0.99,6.06,4.1,13.94,0.29,0,7,6,70,10,0.69,1.96,0,0,0.0,0.0,0.0,0.0,0.0,3.0,7.0,0.0,0.0,
7,Burton Roberts,1.08,5.87,4.44,11.34,0.39,0,5,10,52,7,0.69,1.43,0,0,0.0,0.0,0.0,0.0,0.0,0.0,0.0,0.0,0.0,
7,Rupert Boneham,1.32,5.6,3.48,6.74,0.52,0,5,7,45,6,0.81,2.12,0,0,0.0,0.0,0.0,0.0,0.0,0.0,0.0,0.0,0.0,
7,Lill Morris,1.11,4.49,2.0,12.74,0.16,0,9,10,71,11,0.81,1.64,1,7,0.14,0.0,0.0,0.0,0.0,0.0,0.0,0.0,0.0,
7,Jonny Fairplay,0.97,4.36,2.28,13.88,0.16,0,9,7,75,11,0.81,2.08,0,0,0.0,0.0,0.0,0.0,0.0,0.0,0.0,0.0,0.0,
7,Trish Dunn,1.15,3.44,1.11,2.01,0.55,0,2,4,20,3,0.6,2.33,0,0,0.0,0.0,0.0,0.0,0.0,0.0,0.0,0.0,0.0,
7,Shawn Cohen,1.15,3.24,0.91,2.04,0.45,0,3,5,25,4,0.7,2.33,0,0,0.0,0.0,0.0,0.0,0.0,0.0,0.0,0.0,0.0,
7,Tijuana Bradley,0.81,3.19,0.97,8.81,0.11,0,5,5,55,7,0.7,2.22,0,0,0.0,0.0,0.0,0.0,0.0,0.0,0.0,0.0,0.0,
7,Christa Hastie,0.86,2.95,0.97,10.08,0.1,0,7,7,65,9,0.77,1.98,0,0,0.0,0.0,0.0,0.0,0.0,0.0,0.0,0.0,0.0,
7,Andrew Savage,0.95,2.87,0.77,3.11,0.25,0,3,6,31,4,0.7,2.1,0,0,0.0,0.0,0.0,0.0,0.0,0.0,0.0,0.0,0.0,
7,Osten Taylor,1.05,2.68,0.77,2.11,0.36,0,3,2,21,3,0.68,1.91,0,0,0.0,0.0,0.0,0.0,0.0,0.0,0.0,0.0,0.0,
7,Ryan Opray,0.74,2.37,0.97,5.31,0.18,0,3,8,40,5,0.56,1.4,0,0,0.0,0.0,0.0,0.0,0.0,0.0,0.0,0.0,0.0,
7,Ryan Shoulders,0.59,1.57,0.17,0.58,0.29,0,1,6,15,2,0.3,1.4,0,0,0.0,0.0,0.0,0.0,0.0,0.0,0.0,0.0,0.0,
7,Michelle Tesauro,0.24,0.74,0.74,1.64,0.45,0,0,6,14,2,-0.21,0.0,0,0,0.0,0.0,0.0,0.0,0.0,0.0,0.0,0.0,0.0,
7,Nicole Delma,-0.3,0.17,0.17,0.29,0.57,0,0,7,8,1,-0.88,0.0,0,0,0.0,0.0,0.0,0.0,0.0,0.0,0.0,0.0,0.0,
8,Rob Mariano,1.98,15.24,7.07,12.81,0.55,0,8,1,48,8,1.0,5.6,3,7,0.43,0.0,0.0,0.0,0.0,0.0,0.0,0.0,0.0,
8,Amber Brkich,1.78,9.1,2.87,12.81,0.22,0,8,6,50,8,0.99,2.8,4,7,0.57,0.0,0.0,0.0,0.0,0.0,0.0,0.0,0.0,
8,Tom Buchanan,1.12,6.16,3.24,10.81,0.3,0,5,4,41,6,0.82,2.92,0,0,0.0,0.0,0.0,0.0,0.0,0.0,0.0,0.0,0.0,
8,Rupert Boneham,0.95,5.11,2.48,11.89,0.21,0,6,4,50,8,0.74,2.63,0,0,0.0,0.0,0.0,0.0,0.0,0.0,0.0,0.0,0.0,
8,Jenna Lewis,1.11,4.98,1.48,12.89,0.12,0,8,4,50,8,0.99,3.5,0,0,0.0,0.0,0.0,0.0,0.0,0.0,0.0,0.0,0.0,
8,Shii Ann,0.92,3.92,1.58,8.81,0.18,0,6,5,52,8,0.74,2.33,0,0,0.0,0.0,0.0,0.0,0.0,0.0,0.0,0.0,0.0,
8,Alicia Callaway,0.94,3.58,1.67,6.81,0.24,0,3,7,30,4,0.69,1.91,0,0,0.0,0.0,0.0,0.0,0.0,0.0,0.0,0.0,0.0,
8,Kathy Vavrick-Obrien,0.94,3.49,1.81,4.81,0.38,0,3,6,34,5,0.56,1.68,0,0,0.0,0.0,0.0,0.0,0.0,0.0,0.0,0.0,0.0,
8,Jerri Manthey,1.08,2.86,0.74,2.64,0.28,0,5,7,33,6,0.8,2.12,0,0,0.0,0.0,0.0,0.0,0.0,0.0,0.0,0.0,0.0,
8,Lex Van Den Berghe,0.98,2.84,0.81,3.56,0.23,0,4,7,31,5,0.75,2.04,0,0,0.0,0.0,0.0,0.0,0.0,0.0,0.0,0.0,0.0,
8,Colby Donaldson,0.75,2.56,0.81,1.96,0.41,0,1,4,12,2,0.33,1.75,0,0,0.0,0.0,0.0,0.0,0.0,0.0,0.0,0.0,0.0,
8,Rudy Boesch,0.72,2.2,0.2,0.57,0.35,0,1,3,11,2,0.36,2.0,0,0,0.0,0.0,0.0,0.0,0.0,0.0,0.0,0.0,0.0,
8,Susan Hawk,0.72,2.07,0.8,1.63,0.49,0,1,0,6,1,0.23,1.27,0,0,0.0,0.0,0.0,0.0,0.0,0.0,0.0,0.0,0.0,
8,Ethan Zohn,0.66,1.86,0.74,2.44,0.3,0,2,6,28,5,0.36,1.12,0,0,0.0,0.0,0.0,0.0,0.0,0.0,0.0,0.0,0.0,
8,Rob Cesternino,-0.2,0.78,0.78,1.23,0.64,0,0,5,6,1,-0.83,0.0,0,0,0.0,0.0,0.0,0.0,0.0,0.0,0.0,0.0,0.0,
8,Richard Hatch,-0.46,0.64,0.64,1.63,0.39,0,0,6,7,1,-0.86,0.0,0,0,0.0,0.0,0.0,0.0,0.0,0.0,0.0,0.0,0.0,
8,Jenna Morasca,-0.64,0.27,0.27,0.73,0.36,0,0,0,0,0,-1.0,0.0,0,0,0.0,0.0,0.0,0.0,0.0,0.0,0.0,0.0,0.0,
8,Tina Wesson,-0.67,0.0,0.0,0.17,0.0,0,0,4,6,1,-0.67,0.0,0,0,0.0,0.0,0.0,0.0,0.0,0.0,0.0,0.0,0.0,
9,Chris Daugherty,1.86,12.44,4.82,15.24,0.32,0,10,3,80,12,0.83,3.33,5,7,0.71,0.0,0.0,0.0,0.0,3.0,9.0,0.0,0.0,
9,Twila Tanner,1.44,6.86,2.34,14.24,0.16,0,10,6,72,10,0.99,2.8,2,7,0.29,0.0,0.0,0.0,0.0,0.0,0.0,0.0,0.0,
9,Eliza Orlins,1.03,5.74,4.17,13.24,0.32,0,8,9,78,11,0.72,1.57,0,0,0.0,0.0,0.0,0.0,0.0,0.0,0.0,0.0,0.0,
9,Ami Cusack,1.12,5.49,3.67,10.24,0.36,0,7,8,70,9,0.77,1.81,0,0,0.0,0.0,0.0,0.0,0.0,0.0,0.0,0.0,0.0,
9,Scout Cloud Lee,0.96,4.43,0.8,14.24,0.06,0,10,3,80,11,0.91,3.64,0,0,0.0,0.0,0.0,0.0,0.0,0.0,0.0,0.0,0.0,
9,Leann Slaby,1.09,3.96,1.92,8.24,0.23,0,7,8,64,8,0.86,2.04,0,0,0.0,0.0,0.0,0.0,0.0,0.0,0.0,0.0,0.0,
9,Julie Berry,0.63,3.9,2.34,12.24,0.19,0,4,4,68,9,0.44,1.56,0,0,0.0,0.0,0.0,0.0,0.0,0.0,0.0,0.0,0.0,
9,Sarge Masters,0.99,3.77,2.07,5.99,0.35,0,4,7,49,6,0.64,1.7,0,0,0.0,0.0,0.0,0.0,0.0,0.0,0.0,0.0,0.0,
9,Chad Crittenden,0.74,2.77,1.32,7.24,0.18,0,4,7,57,7,0.55,1.45,0,0,0.0,0.0,0.0,0.0,0.0,0.0,0.0,0.0,0.0,
9,John Kenney,0.88,2.65,1.87,2.79,0.67,0,1,5,30,4,0.21,0.78,0,0,0.0,0.0,0.0,0.0,0.0,0.0,0.0,0.0,0.0,
9,Travis Sampson,0.82,2.35,0.25,2.06,0.12,0,3,6,31,4,0.7,2.1,0,0,0.0,0.0,0.0,0.0,0.0,0.0,0.0,0.0,0.0,
9,Lisa Keiffer,0.84,2.27,0.52,1.39,0.38,0,2,4,30,4,0.47,1.75,0,0,0.0,0.0,0.0,0.0,0.0,0.0,0.0,0.0,0.0,
9,Rory Freeman,0.95,1.95,0.65,3.99,0.16,0,5,14,47,6,0.78,1.3,0,0,0.0,0.0,0.0,0.0,0.0,0.0,0.0,0.0,0.0,
9,Brady Finta,0.06,0.25,0.25,1.77,0.14,0,0,6,24,3,-0.08,0.0,0,0,0.0,0.0,0.0,0.0,0.0,0.0,0.0,0.0,0.0,
9,John Palyok,0.02,0.25,0.25,1.49,0.17,0,0,5,17,2,-0.15,0.0,0,0,0.0,0.0,0.0,0.0,0.0,0.0,0.0,0.0,0.0,
9,Mia Galeotalanza,0.34,0.24,0.24,0.49,0.49,0,0,5,17,2,-0.15,0.0,0,0,0.0,0.0,0.0,0.0,0.0,0.0,0.0,0.0,0.0,
9,Dolly Neely,0.1,0.24,0.24,0.36,0.65,0,0,5,9,1,-0.56,0.0,0,0,0.0,0.0,0.0,0.0,0.0,0.0,0.0,0.0,0.0,
9,Brook Geraghty,-0.56,0.0,0.0,0.11,0.0,0,0,5,9,1,-0.56,0.0,0,0,0.0,0.0,0.0,0.0,0.0,0.0,0.0,0.0,0.0,
10,Tom Westman,2.2,17.81,6.66,13.6,0.49,4,6,0,41,7,0.86,6.0,6,7,0.86,0.0,0.0,0.0,0.0,5.0,8.0,0.0,0.0,
10,Ian Rosenberger,1.39,9.0,5.5,13.6,0.4,5,6,4,41,6,0.98,3.5,0,0,0.0,0.0,0.0,0.0,0.0,3.0,8.0,0.0,0.0,
10,Katie Gallagher,1.21,7.46,1.0,13.6,0.07,7,6,1,40,6,1.0,5.6,1,7,0.14,0.0,0.0,0.0,0.0,0.0,0.0,0.0,0.0,
10,Gregg Carey,1.03,5.62,3.0,9.6,0.31,3,3,4,31,4,0.72,2.63,0,0,0.0,0.0,0.0,0.0,0.0,0.0,0.0,0.0,0.0,
10,Jenn Lyon,0.75,4.3,1.19,12.6,0.09,6,4,2,40,6,0.66,3.11,0,0,0.0,0.0,0.0,0.0,0.0,0.0,0.0,0.0,0.0,
10,Bobby Jon Drinkard,0.83,3.85,0.52,4.35,0.12,0,5,2,42,7,0.71,3.33,0,0,0.0,0.0,0.0,0.0,0.0,0.0,0.0,0.0,0.0,
10,Caryn Groedel,0.87,3.33,1.3,11.6,0.11,6,4,7,36,5,0.76,2.04,0,0,0.0,0.0,0.0,0.0,0.0,0.0,0.0,0.0,0.0,
10,Coby Archa,0.6,2.85,1.58,5.35,0.3,4,1,7,18,2,0.31,1.27,0,0,0.0,0.0,0.0,0.0,0.0,0.0,0.0,0.0,0.0,
10,Angie Jakusz,0.89,2.76,0.27,2.18,0.12,0,4,6,35,5,0.77,2.24,0,0,0.0,0.0,0.0,0.0,0.0,0.0,0.0,0.0,0.0,
10,James Miller,0.84,2.59,0.52,2.68,0.19,0,4,5,39,6,0.65,2.07,0,0,0.0,0.0,0.0,0.0,0.0,0.0,0.0,0.0,0.0,
10,Jeff Wilson,0.76,2.34,0.27,1.65,0.16,0,2,5,24,3,0.6,2.07,0,0,0.0,0.0,0.0,0.0,0.0,0.0,0.0,0.0,0.0,
10,Stephenie Lagrossa,0.72,2.07,0.52,7.6,0.07,0,6,8,58,9,0.65,1.56,0,0,0.0,0.0,0.0,0.0,0.0,0.0,0.0,0.0,0.0,
10,Ibrehem Rahman,0.57,2.02,0.52,3.35,0.15,0,3,4,42,7,0.41,1.5,0,0,0.0,0.0,0.0,0.0,0.0,0.0,0.0,0.0,0.0,
10,Kim Mullen,0.82,2.02,0.27,1.98,0.14,0,3,8,30,4,0.68,1.75,0,0,0.0,0.0,0.0,0.0,0.0,0.0,0.0,0.0,0.0,
10,Janu Tornell,0.41,1.95,1.24,6.6,0.19,7,1,1,18,2,0.22,0.72,0,0,0.0,0.0,0.0,0.0,0.0,0.0,0.0,0.0,0.0,
10,Ashlee Ashby,0.42,1.53,0.13,1.36,0.09,0,1,6,17,2,0.32,1.4,0,0,0.0,0.0,0.0,0.0,0.0,0.0,0.0,0.0,0.0,
10,Jolanda Jones,0.23,1.0,1.0,1.11,0.9,0,0,6,9,1,-0.67,0.0,0,0,0.0,0.0,0.0,0.0,0.0,0.0,0.0,0.0,0.0,
10,Willard Smith,-0.64,0.55,0.55,2.18,0.25,4,0,8,9,1,-0.89,0.0,0,0,0.0,0.0,0.0,0.0,0.0,0.0,0.0,0.0,0.0,
10,Wanda Shirk,0.0,0.0,0.0,1.0,0.0,0,0,0,0,0,0.0,0.0,0,0,0.0,0.0,0.0,0.0,0.0,0.0,0.0,0.0,0.0,
10,Jonathan Libby,0.0,0.0,0.0,1.0,0.0,0,0,0,0,0,0.0,0.0,0,0,0.0,0.0,0.0,0.0,0.0,0.0,0.0,0.0,0.0,
11,Danni Boatwright,1.95,13.16,3.35,12.97,0.26,0,10,1,77,12,0.83,4.67,6,7,0.86,0.0,0.0,0.0,0.0,0.0,0.0,0.0,0.0,
11,Rafe Judkins,1.33,9.29,4.62,13.97,0.33,1,11,2,81,11,1.0,4.67,0,0,0.0,0.0,0.0,0.0,0.0,4.0,9.0,0.0,0.0,
11,Stephenie Lagrossa,1.27,7.39,1.87,13.97,0.13,1,11,2,81,11,1.0,4.67,1,7,0.14,0.0,0.0,0.0,0.0,0.0,0.0,0.0,0.0,
11,Cindy Hall,0.92,4.99,3.12,11.97,0.26,0,6,6,69,9,0.66,1.87,0,0,0.0,0.0,0.0,0.0,0.0,0.0,0.0,0.0,0.0,
11,Judd Sergeant,0.98,4.7,2.37,9.97,0.24,1,6,5,64,8,0.74,2.33,0,0,0.0,0.0,0.0,0.0,0.0,0.0,0.0,0.0,0.0,
11,Gary Hogeboom,0.89,3.4,1.85,7.97,0.23,0,6,8,69,9,0.65,1.56,0,0,0.0,0.0,0.0,0.0,0.0,0.0,0.0,0.0,0.0,
11,Amy Ohara,1.12,3.4,0.6,1.72,0.35,1,4,4,35,5,0.78,2.8,0,0,0.0,0.0,0.0,0.0,0.0,0.0,0.0,0.0,0.0,
11,Jamie Newton,1.07,3.33,1.62,6.97,0.23,1,6,10,59,7,0.83,1.71,0,0,0.0,0.0,0.0,0.0,0.0,0.0,0.0,0.0,0.0,
11,Brandon Bellinger,0.97,2.78,1.1,2.72,0.4,0,3,6,37,5,0.57,1.68,0,0,0.0,0.0,0.0,0.0,0.0,0.0,0.0,0.0,0.0,
11,Bobby Jon Drinkard,0.87,2.65,1.1,4.72,0.23,0,4,8,46,6,0.64,1.56,0,0,0.0,0.0,0.0,0.0,0.0,0.0,0.0,0.0,0.0,
11,Blake Towsley,1.12,2.45,0.9,1.15,0.78,0,1,5,16,2,0.34,1.56,0,0,0.0,0.0,0.0,0.0,0.0,0.0,0.0,0.0,0.0,
11,Brian Corridan,0.99,2.31,0.4,1.32,0.3,0,3,7,30,4,0.69,1.91,0,0,0.0,0.0,0.0,0.0,0.0,0.0,0.0,0.0,0.0,
11,Brooke Struck,1.06,2.17,0.61,0.87,0.71,0,1,5,17,2,0.35,1.56,0,0,0.0,0.0,0.0,0.0,0.0,0.0,0.0,0.0,0.0,
11,Lydia Morales,0.92,2.07,0.25,12.97,0.02,4,10,10,81,11,0.9,1.82,0,0,0.0,0.0,0.0,0.0,0.0,0.0,0.0,0.0,0.0,
11,Margaret Bobonich,0.63,1.77,0.92,2.32,0.4,0,1,7,24,3,0.24,0.85,0,0,0.0,0.0,0.0,0.0,0.0,0.0,0.0,0.0,0.0,
11,Brianna Varely,0.45,1.38,0.11,0.72,0.15,1,1,7,17,2,0.29,1.27,0,0,0.0,0.0,0.0,0.0,0.0,0.0,0.0,0.0,0.0,
11,Morgan Mcdevitt,-0.65,0.11,0.11,0.47,0.24,0,0,8,9,1,-0.89,0.0,0,0,0.0,0.0,0.0,0.0,0.0,0.0,0.0,0.0,0.0,
11,Jim Lynch,-0.39,0.11,0.11,0.22,0.5,0,0,8,9,1,-0.89,0.0,0,0,0.0,0.0,0.0,0.0,0.0,0.0,0.0,0.0,0.0,
12,Terry Deitz,1.09,12.33,9.34,14.67,0.64,0,4,1,59,9,0.44,2.49,0,0,0.0,0.0,0.0,0.0,0.0,5.0,7.0,0.0,0.0,
12,Aras Baskauskas,1.68,9.17,3.27,14.67,0.22,0,6,9,56,8,0.73,1.62,5,7,0.71,0.0,0.0,0.0,0.0,0.0,0.0,0.0,0.0,
12,Danielle Dilorenzo,1.43,7.47,2.26,14.67,0.15,2,9,4,57,9,0.99,3.5,2,7,0.29,0.0,0.0,0.0,0.0,0.0,0.0,0.0,0.0,
12,Cirie Fields,0.91,4.82,1.71,12.67,0.13,3,7,3,60,9,0.77,3.11,0,0,0.0,0.0,0.0,0.0,0.0,0.0,0.0,0.0,0.0,
12,Courtney Marit,0.97,4.23,1.31,8.67,0.15,3,5,4,47,6,0.82,2.92,0,0,0.0,0.0,0.0,0.0,0.0,0.0,0.0,0.0,0.0,
12,Bruce Kanegai,0.77,2.88,1.58,7.34,0.22,2,3,2,34,4,0.56,1.29,0,0,0.0,0.0,0.0,0.0,0.0,0.0,0.0,0.0,0.0,
12,Nick Stanbury,0.88,2.79,0.69,3.75,0.18,0,3,6,27,4,0.69,2.1,0,0,0.0,0.0,0.0,0.0,0.0,0.0,0.0,0.0,0.0,
12,Austin Carty,0.8,2.72,1.19,5.09,0.23,0,3,7,36,5,0.56,1.53,0,0,0.0,0.0,0.0,0.0,0.0,0.0,0.0,0.0,0.0,
12,Bob Dawg Mason,0.62,2.57,0.57,2.55,0.22,1,1,3,14,2,0.39,2.0,0,0,0.0,0.0,0.0,0.0,0.0,0.0,0.0,0.0,0.0,
12,Ruth-Marie Milliman,0.86,2.55,0.68,2.15,0.31,0,2,6,17,3,0.55,1.87,0,0,0.0,0.0,0.0,0.0,0.0,0.0,0.0,0.0,0.0,
12,Shane Powers,0.64,2.23,1.0,10.67,0.09,1,4,9,52,7,0.55,1.23,0,0,0.0,0.0,0.0,0.0,0.0,0.0,0.0,0.0,0.0,
12,Dan Barry,0.55,2.09,0.75,2.75,0.27,0,1,3,17,3,0.27,1.33,0,0,0.0,0.0,0.0,0.0,0.0,0.0,0.0,0.0,0.0,
12,Sally Schumann,0.39,1.93,1.46,6.34,0.23,0,1,8,40,5,0.16,0.47,0,0,0.0,0.0,0.0,0.0,0.0,0.0,0.0,0.0,0.0,
12,Melinda Hyder,0.27,1.56,0.0,1.54,0.0,0,1,5,11,2,0.27,1.56,0,0,0.0,0.0,0.0,0.0,0.0,0.0,0.0,0.0,0.0,
12,Misty Giles,-0.34,0.68,0.68,1.82,0.37,0,0,5,7,1,-0.71,0.0,0,0,0.0,0.0,0.0,0.0,0.0,0.0,0.0,0.0,0.0,
12,Tina Scheer,-0.75,0.0,0.0,1.25,0.0,0,0,3,4,1,-0.75,0.0,0,0,0.0,0.0,0.0,0.0,0.0,0.0,0.0,0.0,0.0,
13,Ozzy Lusth,1.98,14.96,7.82,10.57,0.74,0,8,1,67,10,0.8,4.48,4,9,0.44,0.0,0.0,0.0,0.0,0.0,0.0,0.0,0.0,
13,Yul Kwon,1.78,8.86,2.67,10.57,0.23,0,9,5,62,9,0.99,3.11,5,9,0.56,0.0,0.0,0.0,0.0,0.0,0.0,0.0,0.0,
13,Becky Lee,1.2,5.28,2.17,10.57,0.21,0,9,5,62,9,0.99,3.11,0,9,0.0,0.0,0.0,0.0,0.0,0.0,0.0,0.0,0.0,
13,Parvati Shallow,0.94,4.65,2.2,8.57,0.26,2,7,4,74,10,0.69,2.45,0,0,0.0,0.0,0.0,0.0,0.0,0.0,0.0,0.0,0.0,
13,Sundra Oakley,0.95,3.82,1.58,10.57,0.15,1,8,6,67,10,0.79,2.24,0,0,0.0,0.0,0.0,0.0,0.0,0.0,0.0,0.0,0.0,
13,Adam Gentry,0.78,3.43,1.45,9.57,0.15,3,7,5,79,11,0.63,1.98,0,0,0.0,0.0,0.0,0.0,0.0,0.0,0.0,0.0,0.0,
13,Candice Woodcock,0.92,3.02,1.02,4.57,0.22,2,5,6,53,7,0.7,2.0,0,0,0.0,0.0,0.0,0.0,0.0,0.0,0.0,0.0,0.0,
13,Jenny Guzon-Bae,1.05,2.94,0.6,2.57,0.23,3,5,6,44,6,0.81,2.33,0,0,0.0,0.0,0.0,0.0,0.0,0.0,0.0,0.0,0.0,
13,Rebecca Borman,0.99,2.8,0.47,2.57,0.18,2,5,6,43,6,0.81,2.33,0,0,0.0,0.0,0.0,0.0,0.0,0.0,0.0,0.0,0.0,
13,Cristina Coria,0.98,2.67,0.34,1.2,0.28,1,3,5,28,4,0.71,2.33,0,0,0.0,0.0,0.0,0.0,0.0,0.0,0.0,0.0,0.0,
13,Jonathan Penner,1.02,2.33,1.02,6.57,0.15,2,8,15,68,9,0.86,1.31,0,0,0.0,0.0,0.0,0.0,0.0,0.0,0.0,0.0,0.0,
13,Cao-Boi Bui,1.0,2.23,0.83,1.2,0.69,1,1,6,16,2,0.31,1.4,0,0,0.0,0.0,0.0,0.0,0.0,0.0,0.0,0.0,0.0,
13,Brad Virata,0.86,2.13,0.85,2.07,0.41,1,2,7,31,4,0.44,1.27,0,0,0.0,0.0,0.0,0.0,0.0,0.0,0.0,0.0,0.0,
13,Nate Gonzalez,0.55,1.8,0.47,3.57,0.13,3,3,5,52,7,0.41,1.33,0,0,0.0,0.0,0.0,0.0,0.0,0.0,0.0,0.0,0.0,
13,Jessica Smith,0.77,1.75,0.82,1.57,0.52,1,1,6,23,3,0.25,0.93,0,0,0.0,0.0,0.0,0.0,0.0,0.0,0.0,0.0,0.0,
13,Stephannie Favor,0.81,1.73,0.3,1.06,0.28,1,2,9,22,3,0.53,1.44,0,0,0.0,0.0,0.0,0.0,0.0,0.0,0.0,0.0,0.0,
13,Cecilia Mansilla,0.45,1.5,0.1,0.56,0.18,0,1,6,13,2,0.27,1.4,0,0,0.0,0.0,0.0,0.0,0.0,0.0,0.0,0.0,0.0,
13,Jp Calderon,0.51,1.48,0.21,0.81,0.26,1,1,7,14,2,0.25,1.27,0,0,0.0,0.0,0.0,0.0,0.0,0.0,0.0,0.0,0.0,
13,Billy Garcia,-0.58,0.1,0.1,0.45,0.22,0,0,4,5,1,-0.8,0.0,0,0,0.0,0.0,0.0,0.0,0.0,0.0,0.0,0.0,0.0,
13,Sekou Bunch,-0.6,0.0,0.0,0.2,0.0,0,0,3,5,1,-0.6,0.0,0,0,0.0,0.0,0.0,0.0,0.0,0.0,0.0,0.0,0.0,
14,Earl Cole,2.0,12.16,1.18,10.73,0.11,0,8,1,63,9,0.89,4.98,9,9,1.0,0.0,0.0,0.0,0.0,0.0,0.0,0.0,0.0,
14,Boo Bernis,1.14,7.37,5.3,10.71,0.49,0,4,5,43,6,0.65,2.07,0,0,0.0,0.0,0.0,0.0,0.0,0.0,0.0,0.0,0.0,
14,Yau-Man Chan,1.17,6.93,4.44,11.73,0.38,1,8,5,71,10,0.79,2.49,0,0,0.0,0.0,0.0,0.0,0.0,0.0,0.0,0.0,0.0,
14,Dreamz Herd,1.08,6.64,2.82,10.71,0.26,0,9,2,69,11,0.82,3.82,0,9,0.0,0.0,0.0,0.0,0.0,0.0,0.0,0.0,0.0,
14,Stacy Kimball,1.0,5.68,3.36,9.73,0.35,0,4,4,39,6,0.65,2.33,0,0,0.0,0.0,0.0,0.0,0.0,0.0,0.0,0.0,0.0,
14,Cassandra Franklin,0.94,4.84,2.63,10.73,0.25,2,5,5,43,7,0.7,2.22,0,9,0.0,0.0,0.0,0.0,0.0,0.0,0.0,0.0,0.0,
14,Edgardo Rivera,1.11,3.9,1.41,4.14,0.34,0,4,5,30,5,0.77,2.49,0,0,0.0,0.0,0.0,0.0,0.0,0.0,0.0,0.0,0.0,
14,Michelle Yi,0.93,3.13,0.73,2.14,0.34,0,3,3,37,5,0.58,2.4,0,0,0.0,0.0,0.0,0.0,0.0,0.0,0.0,0.0,0.0,
14,Alex Angarita,0.93,3.08,1.46,7.39,0.2,0,6,9,50,8,0.73,1.62,0,0,0.0,0.0,1.0,1.0,0.0,0.0,0.0,0.0,0.0,
14,Lisi Linares,1.07,2.64,0.94,1.78,0.53,2,2,7,19,3,0.54,1.7,0,0,0.0,0.0,0.0,0.0,0.0,0.0,0.0,0.0,0.0,
14,Rocky Reid,0.59,1.72,0.17,1.54,0.11,0,3,5,44,6,0.48,1.56,0,0,0.0,0.0,0.0,0.0,0.0,0.0,0.0,0.0,0.0,
14,Mookie Lee,0.52,1.57,0.17,5.39,0.03,0,5,6,71,10,0.49,1.4,0,0,0.0,0.0,0.0,0.0,0.0,0.0,0.0,0.0,0.0,
14,Rita Verreos,0.45,1.4,0.0,1.04,0.0,0,2,6,32,4,0.45,1.4,0,0,0.0,0.0,0.0,0.0,0.0,0.0,0.0,0.0,0.0,
14,Sylvia Kwan,0.31,1.4,0.0,0.47,0.0,0,1,6,16,2,0.31,1.4,0,0,0.0,0.0,0.0,0.0,0.0,0.0,0.0,0.0,0.0,
14,Anthony Robinson,0.55,1.2,0.0,1.21,0.0,0,3,10,38,5,0.55,1.2,0,0,0.0,0.0,0.0,0.0,0.0,0.0,0.0,0.0,0.0,
14,Liliana Gomez,0.25,0.74,0.74,0.74,1.0,0,0,6,8,1,-0.75,0.0,0,0,0.0,0.0,0.0,0.0,0.0,0.0,0.0,0.0,0.0,
14,Gary Stritesky,-0.38,0.46,0.46,0.74,0.62,1,0,0,0,0,-1.0,0.0,0,0,0.0,0.0,0.0,0.0,0.0,0.0,0.0,0.0,0.0,
14,Erica Durousseau,-0.18,0.0,0.0,0.22,0.0,0,0,6,17,2,-0.18,0.0,0,0,0.0,0.0,0.0,0.0,0.0,0.0,0.0,0.0,0.0,
14,Jessica Deben,-0.67,0.0,0.0,0.11,0.0,0,0,6,9,1,-0.67,0.0,0,0,0.0,0.0,0.0,0.0,0.0,0.0,0.0,0.0,0.0,
15,Amanda Kimmel,1.46,12.13,4.27,13.3,0.32,2,9,0,64,9,1.0,7.0,1,7,0.14,0.0,0.0,0.0,0.0,0.0,0.0,0.0,0.0,
15,Courtney Yates,1.19,8.84,1.68,13.3,0.13,6,7,0,64,9,0.78,5.44,2,7,0.29,0.0,0.0,0.0,0.0,0.0,0.0,0.0,0.0,
15,Todd Herzog,1.66,7.86,1.33,13.3,0.1,4,9,5,64,9,0.99,3.11,4,7,0.57,0.0,0.0,0.0,0.0,0.0,0.0,0.0,0.0,
15,Denise Martin,1.0,6.08,2.97,13.3,0.22,4,7,3,64,9,0.77,3.11,0,0,0.0,0.0,0.0,0.0,0.0,0.0,0.0,0.0,0.0,
15,Peih-Gee Law,0.81,4.75,3.58,11.3,0.32,0,5,8,71,10,0.49,1.17,0,0,0.0,0.0,0.0,0.0,0.0,0.0,0.0,0.0,0.0,
15,Frosti Zernow,1.22,4.22,2.03,5.3,0.38,0,6,7,55,7,0.84,2.18,0,0,0.0,0.0,0.0,0.0,0.0,0.0,0.0,0.0,0.0,
15,Erik Huffman,0.86,3.91,1.83,9.3,0.2,0,6,5,66,9,0.66,2.07,0,0,0.0,0.0,0.0,0.0,0.0,0.0,0.0,0.0,0.0,
15,Sherea Lloyd,1.13,2.88,0.78,1.8,0.43,1,3,6,28,4,0.7,2.1,0,0,0.0,0.0,0.0,0.0,0.0,0.0,0.0,0.0,0.0,
15,Aaron Reisberger,0.97,2.77,0.77,1.3,0.59,0,1,3,13,2,0.38,2.0,0,0,0.0,0.0,0.0,0.0,0.0,0.0,0.0,0.0,0.0,
15,James Clement,0.81,2.7,1.27,7.3,0.17,1,4,9,47,6,0.63,1.44,0,0,0.0,0.0,0.0,0.0,0.0,0.0,0.0,0.0,0.0,
15,Jaime Dugan,0.97,2.62,0.58,2.8,0.21,1,4,7,36,5,0.76,2.04,0,0,0.0,0.0,0.0,0.0,0.0,0.0,0.0,0.0,0.0,
15,Jean-Robert Bellande,0.98,2.61,1.3,4.05,0.32,2,3,12,34,4,0.66,1.31,0,0,0.0,0.0,0.0,0.0,0.0,0.0,0.0,0.0,0.0,
15,Dave Cruser,0.54,1.27,0.33,1.1,0.3,0,1,6,21,3,0.24,0.93,0,0,0.0,0.0,0.0,0.0,0.0,0.0,0.0,0.0,0.0,
15,Leslie Nease,-0.4,0.27,0.27,0.77,0.35,2,0,6,8,1,-0.75,0.0,0,0,0.0,0.0,0.0,0.0,0.0,0.0,0.0,0.0,0.0,
15,Ashley Massaro,-0.27,0.0,0.0,0.43,0.0,0,0,8,15,2,-0.27,0.0,0,0,0.0,0.0,0.0,0.0,0.0,0.0,0.0,0.0,0.0,
15,Chicken Morris,-0.63,0.0,0.0,0.13,0.0,0,0,5,8,1,-0.63,0.0,0,0,0.0,0.0,0.0,0.0,0.0,0.0,0.0,0.0,0.0,
16,Amanda Kimmel,1.54,11.6,2.89,12.05,0.24,0,12,0,88,13,0.92,6.46,3,8,0.38,0.0,0.0,0.0,0.0,0.0,0.0,0.0,0.0,
16,Parvati Shallow,1.8,9.42,2.17,12.05,0.18,1,8,4,61,8,0.99,3.5,5,8,0.63,0.0,0.0,0.0,0.0,0.0,0.0,0.0,0.0,
16,Erik Reichenbach,1.09,6.25,4.63,10.05,0.46,0,7,7,83,11,0.63,1.62,0,0,0.0,0.0,0.0,0.0,0.0,3.0,6.0,0.0,0.0,
16,Cirie Fields,0.97,4.31,0.64,11.8,0.05,0,11,3,88,12,0.91,3.67,0,0,0.0,0.0,0.0,0.0,0.0,0.0,0.0,0.0,0.0,
16,Alexis Jones,0.74,4.25,1.91,7.8,0.25,0,3,2,52,6,0.49,2.33,0,0,0.0,0.0,0.0,0.0,0.0,0.0,0.0,0.0,0.0,
16,Natalie Bolton,0.71,3.52,1.02,11.05,0.09,2,5,3,61,8,0.62,2.5,0,0,0.0,0.0,0.0,0.0,0.0,0.0,0.0,0.0,0.0,
16,Kathy Sleckman,1.26,3.44,1.75,2.55,0.68,1,2,0,19,2,0.58,1.7,0,0,0.0,0.0,0.0,0.0,0.0,0.0,0.0,0.0,0.0,
16,Eliza Orlins,0.95,2.98,1.42,3.8,0.37,0,2,8,29,3,0.57,1.56,0,0,0.0,0.0,0.0,0.0,0.0,0.0,0.0,0.0,0.0,
16,Ami Cusack,0.88,2.97,0.64,2.8,0.23,0,4,4,45,6,0.65,2.33,0,0,0.0,0.0,0.0,0.0,0.0,0.0,0.0,0.0,0.0,
16,Jason Siska,0.56,2.88,2.41,6.05,0.4,0,1,8,46,5,0.17,0.47,0,0,0.0,0.0,0.0,0.0,0.0,0.0,0.0,0.0,0.0,
16,Ozzy Lusth,1.04,2.77,0.89,4.8,0.19,0,7,9,64,8,0.86,1.88,0,0,0.0,0.0,0.0,0.0,0.0,0.0,0.0,0.0,0.0,
16,Yau-Man Chan,1.19,2.62,1.22,1.43,0.85,0,1,6,19,2,0.34,1.4,0,0,0.0,0.0,0.0,0.0,0.0,0.0,0.0,0.0,0.0,
16,James Clement,0.68,2.52,1.52,7.05,0.22,0,3,3,46,5,0.47,1.0,0,0,0.0,0.0,0.0,0.0,0.0,0.0,0.0,0.0,0.0,
16,Tracy Hughes-Wolf,0.71,1.91,0.38,2.55,0.15,1,3,7,40,5,0.57,1.53,0,0,0.0,0.0,0.0,0.0,0.0,0.0,0.0,0.0,0.0,
16,Jonathan Penner,0.65,1.64,0.87,2.08,0.42,0,1,0,19,2,0.23,0.78,0,0,0.0,0.0,0.0,0.0,0.0,0.0,0.0,0.0,0.0,
16,Chet Welch,0.76,1.52,0.21,2.22,0.1,1,3,12,34,4,0.66,1.31,0,0,0.0,0.0,0.0,0.0,0.0,0.0,0.0,0.0,0.0,
16,Joel Anderson,0.37,1.14,0.21,1.93,0.11,0,1,6,27,3,0.26,0.93,0,0,0.0,0.0,0.0,0.0,0.0,0.0,0.0,0.0,0.0,
16,Mikey Bortone,-0.03,0.21,0.21,1.68,0.13,0,0,6,19,2,-0.16,0.0,0,0,0.0,0.0,0.0,0.0,0.0,0.0,0.0,0.0,0.0,
16,Mary Sartain,-0.52,0.1,0.1,1.21,0.08,0,0,6,10,1,-0.6,0.0,0,0,0.0,0.0,0.0,0.0,0.0,0.0,0.0,0.0,0.0,
16,Jonny Fairplay,-0.9,0.0,0.0,1.1,0.0,0,0,9,10,1,-0.9,0.0,0,0,0.0,0.0,0.0,0.0,0.0,0.0,0.0,0.0,0.0,
17,Bob Crowley,1.71,12.66,6.64,11.4,0.58,0,5,2,60,9,0.55,2.59,4,7,0.57,0.0,0.0,0.0,0.0,0.0,0.0,0.0,0.0,
17,Sugar Kiper,1.1,8.13,1.13,11.26,0.1,1,10,0,66,10,1.0,7.0,0,7,0.0,0.0,0.0,0.0,0.0,0.0,0.0,0.0,0.0,
17,Susie Smith,1.59,7.97,3.1,11.4,0.27,1,9,7,68,10,0.89,2.29,3,7,0.43,0.0,0.0,0.0,0.0,0.0,0.0,0.0,0.0,
17,Marcus Lehman,1.1,3.64,2.31,2.82,0.82,0,1,3,21,3,0.29,1.33,0,0,0.0,0.0,0.0,0.0,0.0,0.0,0.0,0.0,0.0,
17,Charlie Herschel,0.98,3.63,1.56,4.07,0.29,1,2,5,25,3,0.6,2.07,0,0,0.0,0.0,0.0,0.0,0.0,0.0,0.0,0.0,0.0,
17,Dan Kay,1.1,3.6,1.27,2.62,0.49,0,2,4,24,3,0.61,2.33,0,0,0.0,0.0,0.0,0.0,0.0,0.0,0.0,0.0,0.0,
17,Matty Whitmore,0.89,3.35,0.76,11.4,0.07,0,10,5,81,12,0.83,2.59,0,0,0.0,0.0,0.0,0.0,0.0,0.0,0.0,0.0,0.0,
17,Ken Hoang,0.85,3.05,1.14,10.4,0.11,1,9,7,82,12,0.74,1.91,0,0,0.0,0.0,0.0,0.0,0.0,0.0,0.0,0.0,0.0,
17,Randy Bailey,0.72,2.97,1.72,5.07,0.34,0,2,5,41,5,0.38,1.24,0,0,0.0,0.0,0.0,0.0,0.0,0.0,0.0,0.0,0.0,
17,Corinne Kaplan,0.53,2.54,1.14,7.4,0.15,5,2,4,40,5,0.38,1.4,0,0,0.0,0.0,0.0,0.0,0.0,0.0,0.0,0.0,0.0,
17,Gc Brown,0.99,2.41,0.31,1.09,0.29,0,3,6,31,4,0.7,2.1,0,0,0.0,0.0,0.0,0.0,0.0,0.0,0.0,0.0,0.0,
17,Crystal Cox,0.96,2.34,0.64,9.4,0.07,0,10,11,77,11,0.9,1.7,0,0,0.0,0.0,0.0,0.0,0.0,0.0,0.0,0.0,0.0,
17,Ace Gordon,0.7,2.21,0.35,2.62,0.13,0,3,5,34,5,0.57,1.87,0,0,0.0,0.0,0.0,0.0,0.0,0.0,0.0,0.0,0.0,
17,Jacquie Berg,0.78,1.9,0.35,0.8,0.43,1,1,5,16,2,0.34,1.56,0,0,0.0,0.0,0.0,0.0,0.0,0.0,0.0,0.0,0.0,
17,Kelly Czarnecki,0.68,1.51,0.35,1.42,0.24,1,2,8,29,4,0.43,1.17,0,0,0.0,0.0,0.0,0.0,0.0,0.0,0.0,0.0,0.0,
17,Gillian Larson,0.26,1.17,0.0,0.35,0.0,0,1,8,17,2,0.26,1.17,0,0,0.0,0.0,0.0,0.0,0.0,0.0,0.0,0.0,0.0,
17,Paloma Soto-Castillo,-0.44,0.22,0.22,0.66,0.33,2,0,7,9,1,-0.78,0.0,0,0,0.0,0.0,0.0,0.0,0.0,0.0,0.0,0.0,0.0,
17,Michelle Chase,-0.89,0.0,0.0,0.22,0.0,0,0,8,9,1,-0.89,0.0,0,0,0.0,0.0,0.0,0.0,0.0,0.0,0.0,0.0,0.0,
18,Jt Thomas,2.25,17.11,5.38,12.37,0.43,1,9,0,66,11,0.82,5.73,7,7,1.0,0.0,0.0,0.0,0.0,0.0,0.0,0.0,0.0,
18,Stephen Fishbach,1.21,8.2,2.6,12.24,0.21,2,10,1,65,10,1.0,5.6,0,7,0.0,0.0,0.0,0.0,0.0,0.0,0.0,0.0,0.0,
18,Tyson Apostol,1.04,4.66,3.11,5.37,0.58,0,2,5,32,4,0.46,1.56,0,0,0.0,0.0,0.0,0.0,0.0,0.0,0.0,0.0,0.0,
18,Debbie Beebe,0.92,4.11,2.24,8.37,0.27,2,4,6,45,6,0.64,1.87,0,0,0.0,0.0,0.0,0.0,0.0,0.0,0.0,0.0,0.0,
18,Brendan Synnott,0.9,3.53,1.19,4.12,0.29,0,2,4,24,3,0.61,2.33,0,0,0.0,0.0,0.0,0.0,0.0,0.0,0.0,0.0,0.0,
18,Coach Wade,0.73,3.46,1.86,10.37,0.18,1,4,6,50,7,0.55,1.6,0,0,0.0,0.0,0.0,0.0,0.0,0.0,0.0,0.0,0.0,
18,Erinn Lobdell,0.81,3.24,0.91,12.37,0.07,1,6,5,55,8,0.74,2.33,0,0,0.0,0.0,0.0,0.0,0.0,0.0,0.0,0.0,0.0,
18,Sydney Wheeler,1.05,3.22,0.6,1.78,0.33,0,3,4,26,4,0.71,2.63,0,0,0.0,0.0,0.0,0.0,0.0,0.0,0.0,0.0,0.0,
18,Spencer Duhm,1.02,2.67,0.6,1.38,0.43,1,2,5,21,3,0.59,2.07,0,0,0.0,0.0,0.0,0.0,0.0,0.0,0.0,0.0,0.0,
18,Taj Johnson-George,0.76,2.58,0.8,11.37,0.07,1,7,7,65,10,0.69,1.78,0,0,0.0,0.0,0.0,0.0,0.0,0.0,0.0,0.0,0.0,
18,Sandy Burgin,0.71,1.83,0.43,1.05,0.41,0,1,6,15,2,0.3,1.4,0,0,0.0,0.0,0.0,0.0,0.0,0.0,0.0,0.0,0.0,
18,Sierra Reed,0.66,1.98,0.86,7.37,0.12,1,3,11,39,5,0.54,1.12,0,0,0.0,0.0,0.0,0.0,0.0,0.0,0.0,0.0,0.0,
18,Joe Dowdle,0.82,1.92,0.8,2.78,0.29,0,3,1,26,4,0.54,1.12,0,0,0.0,0.0,0.0,0.0,0.0,0.0,0.0,0.0,0.0,
18,Jerry Sims,0.53,1.53,0.13,0.55,0.23,0,1,6,15,2,0.3,1.4,0,0,0.0,0.0,0.0,0.0,0.0,0.0,0.0,0.0,0.0,
18,Candace Smith,-0.41,0.13,0.13,0.27,0.47,0,0,7,8,1,-0.88,0.0,0,0,0.0,0.0,0.0,0.0,0.0,0.0,0.0,0.0,0.0,
18,Carolina Eastwood,-0.88,0.0,0.0,0.13,0.0,0,0,7,8,1,-0.88,0.0,0,0,0.0,0.0,0.0,0.0,0.0,0.0,0.0,0.0,0.0,
19,Natalie White,1.81,8.14,0.37,11.18,0.03,1,14,5,108,14,1.0,3.11,7,9,0.78,0.0,0.0,0.0,0.0,0.0,0.0,0.0,0.0,
19,Russell Hantz,1.38,7.83,1.83,11.3,0.16,1,14,2,108,14,1.0,4.67,2,9,0.22,0.0,0.0,0.0,0.0,0.0,0.0,0.0,0.0,
19,Brett Clouser,0.96,6.38,3.98,11.01,0.36,2,6,3,82,10,0.6,2.4,0,0,0.0,0.0,0.0,0.0,0.0,3.0,9.0,0.0,0.0,
19,Jaison Robinson,1.18,4.97,2.63,10.14,0.26,0,12,7,104,13,0.92,2.35,0,0,0.0,0.0,0.0,0.0,0.0,0.0,0.0,0.0,0.0,
19,Laura Morett,1.1,4.5,2.94,4.68,0.63,3,2,5,43,4,0.47,1.56,0,0,0.0,0.0,0.0,0.0,0.0,0.0,0.0,0.0,0.0,
19,Mick Trimming,1.03,4.42,1.17,11.18,0.1,0,13,4,108,14,0.93,3.25,0,9,0.0,0.0,0.0,0.0,0.0,0.0,0.0,0.0,0.0,
19,Kelly Sharbaugh,0.9,3.28,0.94,3.48,0.27,2,2,4,33,3,0.63,2.33,0,0,0.0,0.0,0.0,0.0,0.0,0.0,0.0,0.0,0.0,
19,John Fincher,0.71,2.96,1.94,5.8,0.34,2,2,7,52,5,0.37,1.02,0,0,0.0,0.0,0.0,0.0,0.0,0.0,0.0,0.0,0.0,
19,Liz Kim,0.98,2.78,0.29,1.4,0.21,0,4,5,36,5,0.77,2.49,0,0,0.0,0.0,0.0,0.0,0.0,0.0,0.0,0.0,0.0,
19,Dave Ball,0.67,2.48,1.31,6.84,0.19,3,3,8,60,6,0.48,1.17,0,0,0.0,0.0,0.0,0.0,0.0,0.0,0.0,0.0,0.0,
19,Monica Padilla,0.69,2.45,1.0,7.68,0.13,2,4,7,67,7,0.56,1.45,0,0,0.0,0.0,0.0,0.0,0.0,0.0,0.0,0.0,0.0,
19,Shambo Waters,0.5,2.33,1.28,9.3,0.14,4,3,6,73,8,0.36,1.05,0,0,0.0,0.0,0.0,0.0,0.0,0.0,0.0,0.0,0.0,
19,Russell Swan,1.1,1.95,0.88,1.04,0.84,1,1,0,10,1,0.26,1.08,0,0,0.0,0.0,0.0,0.0,0.0,0.0,0.0,0.0,0.0,
19,Erik Cardona,0.67,1.94,0.94,2.4,0.39,1,1,10,22,2,0.27,1.0,0,0,0.0,0.0,0.0,0.0,0.0,0.0,0.0,0.0,0.0,
19,Ashley Trainer,0.87,1.78,0.17,0.88,0.19,0,3,9,31,4,0.68,1.62,0,0,0.0,0.0,0.0,0.0,0.0,0.0,0.0,0.0,0.0,
19,Ben Browning,0.57,1.7,0.0,0.38,0.0,0,2,7,25,3,0.57,1.7,0,0,0.0,0.0,0.0,0.0,0.0,0.0,0.0,0.0,0.0,
19,Mike Borassi,0.26,1.08,0.0,0.21,0.0,0,1,0,10,1,0.26,1.08,0,0,0.0,0.0,0.0,0.0,0.0,0.0,0.0,0.0,0.0,
19,Yasmin Giles,-0.48,0.21,0.21,0.67,0.32,1,0,8,10,1,-0.8,0.0,0,0,0.0,0.0,0.0,0.0,0.0,0.0,0.0,0.0,0.0,
19,Marisa Calihan,-0.14,0.13,0.13,0.23,0.56,0,0,7,10,1,-0.7,0.0,0,0,0.0,0.0,0.0,0.0,0.0,0.0,0.0,0.0,0.0,
19,Betsy Bolan,-0.19,0.0,0.0,0.21,0.0,0,0,7,18,2,-0.19,0.0,0,0,0.0,0.0,0.0,0.0,0.0,0.0,0.0,0.0,0.0,
20,Sandra Diaz-Twine,1.48,8.89,0.69,11.56,0.06,6,9,1,89,12,0.75,4.2,6,9,0.67,0.0,0.0,0.0,0.0,0.0,0.0,0.0,0.0,
20,Parvati Shallow,1.48,8.63,3.71,11.56,0.32,3,10,4,89,12,0.83,2.92,3,9,0.33,0.0,0.0,0.0,0.0,3.0,8.0,0.0,0.0,
20,Jerri Manthey,1.01,5.63,3.0,11.56,0.26,2,9,4,89,12,0.75,2.63,0,0,0.0,0.0,0.0,0.0,0.0,0.0,0.0,0.0,0.0,
20,Russell Hantz,1.14,5.53,2.68,11.56,0.23,2,11,5,89,12,0.91,2.85,0,9,0.0,0.0,0.0,0.0,0.0,0.0,0.0,0.0,0.0,
20,Danielle Dilorenzo,1.06,4.92,2.19,7.56,0.29,3,7,4,74,9,0.77,2.72,0,0,0.0,0.0,0.0,0.0,0.0,0.0,0.0,0.0,0.0,
20,Candice Woodcock,0.93,4.17,2.23,7.06,0.32,0,5,5,67,8,0.62,1.94,0,0,0.0,0.0,0.0,0.0,0.0,0.0,0.0,0.0,0.0,
20,Jt Thomas,1.11,3.82,1.23,4.23,0.29,0,5,5,50,6,0.82,2.59,0,0,0.0,0.0,0.0,0.0,0.0,0.0,0.0,0.0,0.0,
20,Rob Mariano,1.06,3.34,2.3,2.93,0.79,0,1,5,27,3,0.27,1.04,0,0,0.0,0.0,0.0,0.0,0.0,0.0,0.0,0.0,0.0,
20,Cirie Fields,0.94,2.89,0.23,0.72,0.31,1,2,3,27,3,0.63,2.67,0,0,0.0,0.0,0.0,0.0,0.0,0.0,0.0,0.0,0.0,
20,Colby Donaldson,0.59,2.72,1.56,10.56,0.15,1,5,7,85,11,0.45,1.16,0,0,0.0,0.0,0.0,0.0,0.0,0.0,0.0,0.0,0.0,
20,Amanda Kimmel,0.83,2.7,1.56,5.56,0.28,0,4,10,59,7,0.55,1.14,0,0,0.0,0.0,0.0,0.0,0.0,0.0,0.0,0.0,0.0,
20,Tyson Apostol,0.75,2.66,0.66,2.03,0.33,1,1,3,19,2,0.42,2.0,0,0,0.0,0.0,0.0,0.0,0.0,0.0,0.0,0.0,0.0,
20,Rupert Boneham,0.72,2.43,1.23,9.56,0.13,1,6,10,80,10,0.59,1.2,0,0,0.0,0.0,0.0,0.0,0.0,0.0,0.0,0.0,0.0,
20,Tom Westman,0.68,1.78,0.23,1.03,0.22,0,2,5,34,4,0.46,1.56,0,0,0.0,0.0,0.0,0.0,0.0,0.0,0.0,0.0,0.0,
20,James Clement,0.68,1.75,0.23,2.03,0.11,0,3,7,40,5,0.57,1.53,0,0,0.0,0.0,0.0,0.0,0.0,0.0,0.0,0.0,0.0,
20,Coach Wade,0.5,1.68,0.8,2.83,0.28,0,1,4,34,4,0.22,0.88,0,0,0.0,0.0,0.0,0.0,0.0,0.0,0.0,0.0,0.0,
20,Stephenie Lagrossa,0.65,1.5,0.1,0.33,0.31,0,1,6,19,2,0.34,1.4,0,0,0.0,0.0,0.0,0.0,0.0,0.0,0.0,0.0,0.0,
20,Courtney Yates,0.53,1.43,0.57,3.23,0.18,6,2,9,40,5,0.36,0.86,0,0,0.0,0.0,0.0,0.0,0.0,0.0,0.0,0.0,0.0,
20,Randy Bailey,-0.68,0.1,0.1,0.45,0.22,1,0,9,10,1,-0.9,0.0,0,0,0.0,0.0,0.0,0.0,0.0,0.0,0.0,0.0,0.0,
20,Sugar Kiper,-0.4,0.1,0.1,0.2,0.5,0,0,9,10,1,-0.9,0.0,0,0,0.0,0.0,0.0,0.0,0.0,0.0,0.0,0.0,0.0,
21,Chase Rice,1.72,11.53,3.26,11.7,0.28,0,10,1,80,10,1.0,5.6,4,9,0.44,0.0,1.0,1.0,0.0,0.0,0.0,0.0,0.0,
21,Fabio Birza,1.57,11.01,4.88,11.7,0.42,0,6,2,80,10,0.6,2.8,5,9,0.56,0.0,0.0,0.0,0.0,4.0,8.0,0.0,0.0,
21,Sash Lenahan,1.04,6.72,1.68,11.7,0.14,0,9,1,80,10,0.9,5.04,0,9,0.0,0.0,1.0,1.0,1.0,0.0,0.0,0.0,0.0,
21,Holly Hoffman,0.98,4.75,1.83,12.21,0.15,0,10,4,97,12,0.83,2.92,0,0,0.0,0.0,0.0,0.0,0.0,0.0,0.0,0.0,0.0,
21,Jill Behm,1.27,4.15,1.75,2.56,0.68,0,3,3,42,5,0.59,2.4,0,0,0.0,0.0,0.0,0.0,0.0,0.0,0.0,0.0,0.0,
21,Benry Henry,0.87,3.48,1.26,7.7,0.16,0,5,5,65,7,0.7,2.22,0,0,0.0,0.0,0.0,0.0,0.0,0.0,0.0,0.0,0.0,
21,Jane Bright,0.74,3.38,2.45,9.71,0.25,0,5,11,88,10,0.49,0.93,0,0,0.0,0.0,0.0,0.0,0.0,0.0,0.0,0.0,0.0,
21,Brenda Lowe,1.07,2.85,1.48,5.45,0.27,0,5,13,58,6,0.8,1.37,0,0,0.0,0.0,0.0,0.0,0.0,0.0,0.0,0.0,0.0,
21,Naonka Mixon,1.05,2.76,1.26,5.7,0.22,0,6,3,58,6,0.83,1.5,0,0,0.0,0.0,0.0,0.0,0.0,0.0,0.0,0.0,0.0,
21,Tyrone Davis,1.05,2.35,0.25,0.73,0.34,0,3,6,35,4,0.71,2.1,0,0,0.0,0.0,0.0,0.0,0.0,0.0,0.0,0.0,0.0,
21,Kelly Bruno,0.61,2.34,0.34,1.72,0.2,0,1,3,18,2,0.42,2.0,0,0,0.0,0.0,0.0,0.0,0.0,0.0,0.0,0.0,0.0,
21,Dan Lembo,0.78,2.22,0.66,10.71,0.06,0,8,9,97,11,0.72,1.57,0,0,0.0,0.0,0.0,0.0,0.0,0.0,0.0,0.0,0.0,
21,Kelly Shinn,0.79,2.2,0.54,5.7,0.09,0,5,0,58,6,0.7,1.67,0,0,0.0,0.0,0.0,0.0,0.0,0.0,0.0,0.0,0.0,
21,Jimmy Tarantino,0.87,2.2,0.13,0.48,0.26,0,2,5,27,3,0.6,2.07,0,0,0.0,0.0,0.0,0.0,0.0,0.0,0.0,0.0,0.0,
21,Alina Wilson,0.7,1.81,0.81,3.05,0.27,0,2,10,37,4,0.43,1.0,0,0,0.0,0.0,0.0,0.0,0.0,0.0,0.0,0.0,0.0,
21,Yve Rojas,0.71,1.78,0.25,1.73,0.14,0,3,7,42,5,0.57,1.53,0,0,0.0,0.0,0.0,0.0,0.0,0.0,0.0,0.0,0.0,
21,Marty Piombo,0.65,1.34,0.45,4.26,0.11,0,4,14,65,7,0.54,0.89,0,0,0.0,0.0,0.0,0.0,0.0,0.0,0.0,0.0,0.0,
21,Jimmy Johnson,0.66,1.29,0.13,0.34,0.37,0,1,8,19,2,0.29,1.17,0,0,0.0,0.0,0.0,0.0,0.0,0.0,0.0,0.0,0.0,
21,Shannon Elkins,-0.23,0.1,0.1,0.21,0.47,0,0,7,10,1,-0.7,0.0,0,0,0.0,0.0,0.0,0.0,0.0,0.0,0.0,0.0,0.0,
21,Wendy-Jo Kohlhoff,-0.9,0.0,0.0,0.1,0.0,0,0,9,10,1,-0.9,0.0,0,0,0.0,0.0,0.0,0.0,0.0,0.0,0.0,0.0,0.0,
22,Rob Mariano,2.23,12.56,4.64,11.02,0.42,0,12,6,99,13,0.92,2.58,8,9,0.89,0.0,0.0,0.0,0.0,0.0,0.0,0.0,0.0,
22,Natalie Tenerelli,1.07,6.81,1.64,11.02,0.15,0,12,1,99,13,0.92,5.17,0,9,0.0,0.0,0.0,0.0,0.0,0.0,0.0,0.0,0.0,
22,Ashley Underwood,1.08,6.03,2.64,11.02,0.24,0,11,3,99,13,0.84,3.38,0,0,0.0,0.0,0.0,0.0,0.0,0.0,0.0,0.0,0.0,
22,Matt Elrod,0.82,4.92,3.5,5.74,0.61,0,1,10,27,3,0.21,0.67,0,0,0.0,0.0,0.0,0.0,0.0,0.0,0.0,0.0,0.0,
22,Grant Mattos,1.09,4.28,2.64,9.52,0.28,0,9,10,90,11,0.81,1.64,0,0,0.0,0.0,0.0,0.0,0.0,0.0,0.0,0.0,0.0,
22,Mike Chiesl,0.99,4.0,1.88,5.52,0.34,0,4,6,53,6,0.65,1.87,0,0,0.0,0.0,0.0,0.0,0.0,0.0,0.0,0.0,0.0,
22,Andrea Boehlke,0.84,3.64,2.14,10.02,0.21,0,7,9,90,11,0.63,1.37,0,0,0.0,0.0,0.0,0.0,0.0,0.0,0.0,0.0,0.0,
22,Phillip Sheppard,1.08,2.54,0.64,11.02,0.06,0,12,17,99,13,0.91,1.23,1,9,0.11,0.0,0.0,0.0,0.0,0.0,0.0,0.0,0.0,
22,Sarita White,0.7,1.78,0.38,1.52,0.25,1,2,6,30,4,0.45,1.4,0,0,0.0,0.0,0.0,0.0,0.0,0.0,0.0,0.0,0.0,
22,Julie Wolfe,0.43,1.43,0.38,5.52,0.07,1,3,6,72,8,0.36,1.05,0,0,0.0,0.0,0.0,0.0,0.0,0.0,0.0,0.0,0.0,
22,Steve Wright,0.44,1.24,0.38,7.52,0.05,1,4,9,87,10,0.39,0.86,0,0,0.0,0.0,0.0,0.0,0.0,0.0,0.0,0.0,0.0,
22,Ralph Kiser,0.37,1.22,0.38,7.02,0.05,1,3,9,80,9,0.32,0.72,0,0,0.0,0.0,0.0,0.0,0.0,0.0,0.0,0.0,0.0,
22,David Murphy,0.32,0.92,0.25,4.52,0.06,2,2,8,63,7,0.27,0.67,0,0,0.0,0.0,0.0,0.0,0.0,0.0,0.0,0.0,0.0,
22,Stephanie Valencia,0.17,0.38,0.38,1.36,0.28,0,0,8,24,3,-0.11,0.0,0,0,0.0,0.0,0.0,0.0,0.0,0.0,0.0,0.0,0.0,
22,Krista Klumpp,0.02,0.24,0.24,1.19,0.2,1,0,6,17,2,-0.18,0.0,0,0,0.0,0.0,0.0,0.0,0.0,0.0,0.0,0.0,0.0,
22,Russell Hantz,-0.06,0.24,0.24,0.88,0.27,0,0,3,9,1,-0.33,0.0,0,0,0.0,0.0,0.0,0.0,0.0,0.0,0.0,0.0,0.0,
22,Kristina Kell,0.03,0.14,0.14,1.02,0.14,0,0,7,22,3,-0.11,0.0,0,0,0.0,0.0,0.0,0.0,0.0,0.0,0.0,0.0,0.0,
22,Francesca Hogi,-0.44,0.0,0.0,0.61,0.0,0,0,4,9,1,-0.44,0.0,0,0,0.0,0.0,0.0,0.0,0.0,0.0,0.0,0.0,0.0,
23,Coach Wade,1.47,10.55,1.55,11.48,0.13,0,13,0,101,13,1.0,7.0,3,9,0.33,0.0,0.0,0.0,0.0,0.0,0.0,0.0,0.0,
23,Sophie Clarke,1.83,10.18,3.55,10.98,0.32,0,11,5,101,13,0.84,2.63,6,9,0.67,0.0,0.0,0.0,0.0,3.0,10.0,0.0,0.0,
23,Albert Destrade,0.99,6.28,1.55,10.98,0.14,0,11,1,101,13,0.85,4.74,0,9,0.0,0.0,0.0,0.0,0.0,0.0,0.0,0.0,0.0,
23,Ozzy Lusth,0.92,6.27,5.93,8.48,0.7,0,2,17,62,8,0.22,0.33,0,0,0.0,0.0,0.0,0.0,0.0,0.0,0.0,0.0,0.0,
23,Brandon Hantz,1.07,4.73,1.55,9.48,0.16,0,10,4,92,11,0.91,3.18,0,0,0.0,0.0,0.0,0.0,0.0,0.0,0.0,0.0,0.0,
23,Elyse Umemoto,0.86,2.93,0.27,1.15,0.23,0,2,3,24,3,0.63,2.67,0,0,0.0,0.0,0.0,0.0,0.0,0.0,0.0,0.0,0.0,
23,Whitney Duncan,0.69,2.82,1.68,6.48,0.26,0,4,7,80,9,0.43,1.13,0,0,0.0,0.0,0.0,0.0,0.0,0.0,0.0,0.0,0.0,
23,Dawn Meehan,0.83,2.78,1.43,6.48,0.22,0,5,9,72,8,0.61,1.35,0,0,0.0,0.0,0.0,0.0,0.0,0.0,0.0,0.0,0.0,
23,Mikayla Wingle,0.9,2.71,0.38,1.31,0.29,0,2,4,24,3,0.61,2.33,0,0,0.0,0.0,0.0,0.0,0.0,0.0,0.0,0.0,0.0,
23,Christine Shields-Markoski,0.36,2.61,2.61,3.24,0.81,0,0,4,9,1,-0.44,0.0,0,0,0.0,0.0,0.0,0.0,0.0,0.0,0.0,0.0,0.0,
23,Jim Rice,0.73,2.43,1.43,4.48,0.32,0,3,8,63,7,0.41,1.0,0,0,0.0,0.0,0.0,0.0,0.0,0.0,0.0,0.0,0.0,
23,Keith Tollefson,0.85,2.36,0.68,2.48,0.28,0,3,6,42,5,0.57,1.68,0,0,0.0,0.0,0.0,0.0,0.0,0.0,0.0,0.0,0.0,
23,Rick Nelson,0.88,2.1,0.55,9.98,0.05,1,10,11,97,12,0.82,1.56,0,0,0.0,0.0,0.0,0.0,0.0,0.0,0.0,0.0,0.0,
23,John Cochran,0.94,1.92,0.43,7.48,0.06,0,9,13,87,10,0.89,1.48,0,0,0.0,0.0,0.0,0.0,0.0,0.0,0.0,0.0,0.0,
23,Edna Ma,0.75,1.58,0.55,8.48,0.06,2,7,15,87,10,0.68,1.03,0,0,0.0,0.0,0.0,0.0,0.0,0.0,0.0,0.0,0.0,
23,Papa Bear Caruso,0.47,1.53,0.13,0.86,0.15,0,1,6,17,2,0.32,1.4,0,0,0.0,0.0,0.0,0.0,0.0,0.0,0.0,0.0,0.0,
23,Stacey Powell,-0.06,0.24,0.24,1.0,0.24,0,0,10,17,2,-0.29,0.0,0,0,0.0,0.0,0.0,0.0,0.0,0.0,0.0,0.0,0.0,
23,Semhar Tadesse,-0.89,0.0,0.0,0.61,0.0,0,0,8,9,1,-0.89,0.0,0,0,0.0,0.0,0.0,0.0,0.0,0.0,0.0,0.0,0.0,
24,Kim Spradlin,2.11,14.35,6.08,13.81,0.44,0,9,3,80,10,0.9,3.6,7,9,0.78,0.0,0.0,0.0,0.0,4.0,9.0,0.0,0.0,
24,Sabrina Thompson,1.2,6.61,1.08,13.81,0.08,1,9,2,80,10,0.9,4.2,2,9,0.22,0.0,0.0,0.0,0.0,0.0,0.0,0.0,0.0,
24,Chelsea Meissner,1.12,6.2,3.05,13.81,0.22,0,9,4,80,10,0.9,3.15,0,9,0.0,0.0,0.0,0.0,0.0,0.0,0.0,0.0,0.0,
24,Troyzan Roberton,0.99,5.32,3.32,7.81,0.43,0,4,4,67,7,0.56,2.0,0,0,0.0,0.0,0.0,0.0,0.0,0.0,0.0,0.0,0.0,
24,Jay Byars,1.26,4.81,2.32,4.81,0.48,1,4,5,50,5,0.78,2.49,0,0,0.0,0.0,0.0,0.0,0.0,0.0,0.0,0.0,0.0,
24,Alicia Rosa,0.83,3.97,1.8,12.81,0.14,0,7,5,83,10,0.69,2.18,0,0,0.0,0.0,0.0,0.0,0.0,0.0,0.0,0.0,0.0,
24,Kat Edorsson,0.91,3.9,2.08,9.81,0.21,0,5,7,65,7,0.7,1.82,0,0,0.0,0.0,0.0,0.0,0.0,0.0,0.0,0.0,0.0,
24,Leif Manson,0.68,2.48,0.7,5.81,0.12,1,4,5,66,7,0.56,1.78,0,0,0.0,0.0,0.0,0.0,0.0,0.0,0.0,0.0,0.0,
24,Colton Cumbie,1.1,2.41,0.5,1.24,0.41,1,3,1,24,3,0.69,1.91,0,0,0.0,0.0,0.0,0.0,0.0,0.0,0.0,0.0,0.0,
24,Michael Jefferson,0.74,2.11,1.03,3.48,0.3,1,2,9,40,4,0.44,1.08,0,0,0.0,0.0,0.0,0.0,0.0,0.0,0.0,0.0,0.0,
24,Jonas Otsuji,0.83,1.86,0.36,2.41,0.15,1,3,10,36,4,0.68,1.5,0,0,0.0,0.0,0.0,0.0,0.0,0.0,0.0,0.0,0.0,
24,Tarzan Smith,0.74,1.8,0.58,11.68,0.05,3,7,12,87,10,0.69,1.23,0,0,0.0,0.0,0.0,0.0,0.0,0.0,0.0,0.0,0.0,
24,Christina Cha,0.5,1.77,0.8,13.81,0.06,0,5,9,87,11,0.45,0.98,0,0,0.0,0.0,0.0,0.0,0.0,0.0,0.0,0.0,0.0,
24,Bill Posley,0.9,1.67,0.5,0.79,0.64,1,1,8,17,2,0.26,1.17,0,0,0.0,0.0,0.0,0.0,0.0,0.0,0.0,0.0,0.0,
24,Monica Culpepper,0.23,0.43,0.43,1.08,0.4,0,0,5,15,2,-0.17,0.0,0,0,0.0,0.0,0.0,0.0,0.0,0.0,0.0,0.0,0.0,
24,Matt Quinlan,-0.22,0.36,0.36,0.65,0.56,0,0,7,9,1,-0.78,0.0,0,0,0.0,0.0,0.0,0.0,0.0,0.0,0.0,0.0,0.0,
24,Kourtney Moon,-1.0,0.0,0.0,0.11,0.0,0,0,0,0,0,-1.0,0.0,0,0,0.0,0.0,0.0,0.0,0.0,0.0,0.0,0.0,0.0,
24,Nina Acosta,-0.75,0.0,0.0,0.36,0.0,0,0,6,8,1,-0.75,0.0,0,0,0.0,0.0,0.0,0.0,0.0,0.0,0.0,0.0,0.0,
25,Mike Skupin,1.18,10.05,4.05,13.36,0.3,1,6,0,60,8,0.75,5.25,1,8,0.13,0.0,0.0,0.0,0.0,0.0,0.0,0.0,0.0,
25,Denise Stapley,1.65,8.35,1.65,13.36,0.12,0,11,6,89,14,0.78,2.2,6,8,0.75,0.0,0.0,0.0,0.0,0.0,0.0,0.0,0.0,
25,Malcolm Freberg,1.13,7.31,5.21,13.36,0.39,0,9,6,78,12,0.74,2.1,0,0,0.0,0.0,0.0,0.0,0.0,0.0,0.0,0.0,0.0,
25,Lisa Whelchel,0.82,6.12,0.99,13.36,0.07,2,5,0,60,8,0.63,4.38,1,8,0.13,0.0,0.0,0.0,0.0,0.0,0.0,0.0,0.0,
25,Carter Williams,0.98,5.33,3.38,9.36,0.36,0,5,5,62,8,0.61,1.94,0,0,0.0,0.0,0.0,0.0,0.0,0.0,0.0,0.0,0.0,
25,Jonathan Penner,0.87,3.56,2.33,7.36,0.32,0,4,9,56,7,0.55,1.23,0,0,0.0,0.0,0.0,0.0,0.0,0.0,0.0,0.0,0.0,
25,Artis Silvester,0.86,3.33,1.25,5.11,0.24,1,2,5,30,3,0.61,2.07,0,0,0.0,0.0,0.0,0.0,0.0,0.0,0.0,0.0,0.0,
25,Jeff Kent,0.94,3.22,0.88,3.86,0.23,0,3,5,32,4,0.71,2.33,0,0,0.0,0.0,0.0,0.0,0.0,0.0,0.0,0.0,0.0,
25,Russell Swan,0.69,2.63,0.0,0.95,0.0,0,3,4,18,4,0.69,2.63,0,0,0.0,0.0,0.0,0.0,0.0,0.0,0.0,0.0,0.0,
25,Pete Yurkowski,0.68,2.58,1.5,6.36,0.24,0,2,9,38,4,0.44,1.08,0,0,0.0,0.0,0.0,0.0,0.0,0.0,0.0,0.0,0.0,
25,Angie Layton,0.58,2.33,0.0,0.62,0.0,0,2,4,15,3,0.58,2.33,0,0,0.0,0.0,0.0,0.0,0.0,0.0,0.0,0.0,0.0,
25,Abi-Maria Gomes,0.4,2.28,1.48,11.36,0.13,6,2,6,56,7,0.27,0.8,0,0,0.0,0.0,0.0,0.0,0.0,0.0,0.0,0.0,0.0,
25,Katie Hanson,0.48,2.02,0.27,1.66,0.16,2,1,4,11,2,0.32,1.75,0,0,0.0,0.0,0.0,0.0,0.0,0.0,0.0,0.0,0.0,
25,Roxy Morris,0.32,1.75,0.0,0.37,0.0,0,1,4,11,2,0.32,1.75,0,0,0.0,0.0,0.0,0.0,0.0,0.0,0.0,0.0,0.0,
25,Rc Saint-Amour,-0.02,0.92,0.92,2.66,0.35,2,0,4,11,1,-0.36,0.0,0,0,0.0,0.0,0.0,0.0,0.0,0.0,0.0,0.0,0.0,
25,Dana Lambert,-0.53,0.52,0.52,1.09,0.47,1,0,0,0,0,-1.0,0.0,0,0,0.0,0.0,0.0,0.0,0.0,0.0,0.0,0.0,0.0,
25,Sarah Dawson,-0.7,0.17,0.17,1.26,0.13,3,0,5,6,1,-0.83,0.0,0,0,0.0,0.0,0.0,0.0,0.0,0.0,0.0,0.0,0.0,
25,Zane Knight,-0.83,0.0,0.0,0.17,0.0,0,0,5,6,1,-0.83,0.0,0,0,0.0,0.0,0.0,0.0,0.0,0.0,0.0,0.0,0.0,
26,John Cochran,2.09,15.7,5.03,11.9,0.42,1,8,0,99,12,0.67,4.67,8,8,1.0,0.0,0.0,0.0,0.0,3.0,8.0,0.0,0.0,
26,Dawn Meehan,0.89,5.15,1.65,11.9,0.14,2,9,2,99,12,0.75,3.5,0,8,0.0,0.0,0.0,0.0,0.0,0.0,0.0,0.0,0.0,
26,Brenda Lowe,0.86,4.79,3.07,9.9,0.31,1,5,5,82,9,0.55,1.73,0,0,0.0,0.0,0.0,0.0,0.0,0.0,0.0,0.0,0.0,
26,Erik Reichenbach,0.84,3.99,2.47,9.9,0.25,1,6,2,82,9,0.59,1.53,0,0,0.0,0.0,0.0,0.0,0.0,0.0,0.0,0.0,0.0,
26,Andrea Boehlke,0.99,3.3,2.07,7.9,0.26,1,6,13,76,8,0.73,1.24,0,0,0.0,0.0,0.0,0.0,0.0,0.0,0.0,0.0,0.0,
26,Malcolm Freberg,0.7,3.23,1.23,5.9,0.21,0,3,3,61,6,0.49,2.0,0,0,0.0,0.0,0.0,0.0,0.0,0.0,0.0,0.0,0.0,
26,Phillip Sheppard,0.9,3.18,0.96,4.9,0.2,1,5,5,65,7,0.7,2.22,0,0,0.0,0.0,0.0,0.0,0.0,0.0,0.0,0.0,0.0,
26,Sherri Biethman,0.86,2.87,0.58,11.9,0.05,2,9,6,93,11,0.81,2.29,0,8,0.0,0.0,0.0,0.0,0.0,0.0,0.0,0.0,0.0,
26,Reynold Toepfer,0.55,2.73,2.14,6.9,0.31,0,2,8,76,8,0.24,0.58,0,0,0.0,0.0,0.0,0.0,0.0,0.0,0.0,0.0,0.0,
26,Corinne Kaplan,1.01,2.65,0.61,2.5,0.25,1,4,7,44,5,0.77,2.04,0,0,0.0,0.0,0.0,0.0,0.0,0.0,0.0,0.0,0.0,
26,Julia Landauer,0.75,2.13,0.27,1.5,0.18,0,3,5,39,5,0.57,1.87,0,0,0.0,0.0,0.0,0.0,0.0,0.0,0.0,0.0,0.0,
26,Matt Bischoff,0.7,2.02,0.27,1.17,0.23,0,2,4,33,4,0.47,1.75,0,0,0.0,0.0,0.0,0.0,0.0,0.0,0.0,0.0,0.0,
26,Laura Alexander,0.73,1.97,0.1,0.69,0.14,1,2,6,26,3,0.59,1.87,0,0,0.0,0.0,0.0,0.0,0.0,0.0,0.0,0.0,0.0,
26,Michael Snow,0.53,1.32,0.47,3.7,0.13,0,3,10,62,7,0.41,0.86,0,0,0.0,0.0,0.0,0.0,0.0,0.0,0.0,0.0,0.0,
26,Eddie Fox,0.25,1.26,0.94,11.9,0.08,0,2,12,93,11,0.17,0.32,0,0,0.0,0.0,0.0,0.0,0.0,0.0,0.0,0.0,0.0,
26,Brandon Hantz,0.53,0.76,0.76,1.02,0.74,0,0,8,19,2,-0.21,0.0,0,0,0.0,0.0,0.0,0.0,0.0,0.0,0.0,0.0,0.0,
26,Shamar Thomas,0.33,0.59,0.1,0.55,0.18,0,1,7,19,2,0.15,0.49,0,0,0.0,0.0,0.0,0.0,0.0,0.0,0.0,0.0,0.0,
26,Francesca Hogi,-0.1,0.1,0.1,0.2,0.5,0,0,6,10,1,-0.6,0.0,0,0,0.0,0.0,0.0,0.0,0.0,0.0,0.0,0.0,0.0,
26,Allie Pohevitz,-0.28,0.1,0.1,0.31,0.32,0,0,6,10,1,-0.6,0.0,0,0,0.0,0.0,0.0,0.0,0.0,0.0,0.0,0.0,0.0,
26,Hope Driskill,0.16,0.1,0.1,0.42,0.24,0,0,3,19,2,-0.08,0.0,0,0,0.0,0.0,0.0,0.0,0.0,0.0,0.0,0.0,0.0,
27,Tyson Apostol,1.98,11.98,2.91,10.11,0.29,0,9,2,83,11,0.82,3.82,7,8,0.875,0.0,0.0,0.0,0.0,0.0,0.0,0.0,0.0,
27,Monica Culpepper,1.38,7.38,3.4,10.11,0.34,2,12,4,94,13,0.92,3.23,1,8,0.125,0.0,0.0,0.0,0.0,3.0,9.0,0.0,0.0,
27,Gervase Peterson,1.09,5.09,1.91,10.11,0.19,0,10,4,83,11,0.9,3.18,0,8,0.0,0.0,0.0,0.0,0.0,0.0,0.0,0.0,0.0,
27,Laura Morett,0.99,4.11,3.3,8.75,0.38,1,4,19,56,6,0.61,0.81,0,0,0.0,0.0,0.0,0.0,0.0,0.0,0.0,0.0,0.0,
27,Caleb Bankston,0.98,3.72,0.57,6.61,0.09,0,9,4,85,10,0.9,3.15,0,0,0.0,0.0,0.0,0.0,0.0,0.0,0.0,0.0,0.0,
27,John Cody,1.21,3.5,1.75,3.38,0.52,0,3,8,34,4,0.69,1.75,0,0,0.0,0.0,0.0,0.0,0.0,0.0,0.0,0.0,0.0,
27,Katie Collins,0.69,3.08,1.2,7.61,0.16,0,7,4,102,13,0.54,1.88,0,0,0.0,0.0,0.0,0.0,0.0,0.0,0.0,0.0,0.0,
27,Brad Culpepper,0.94,3.05,0.25,1.55,0.16,0,4,4,40,5,0.78,2.8,0,0,0.0,0.0,0.0,0.0,0.0,0.0,0.0,0.0,0.0,
27,Vytas Baskauskas,1.06,3.03,1.7,4.11,0.41,0,6,10,72,9,0.65,1.33,0,0,0.0,0.0,0.0,0.0,0.0,0.0,0.0,0.0,0.0,
27,Tina Wesson,0.76,2.99,1.88,8.61,0.22,1,5,10,68,9,0.54,1.11,0,0,0.0,0.0,0.0,0.0,0.0,0.0,0.0,0.0,0.0,
27,Hayden Moss,0.73,2.43,0.57,8.61,0.07,0,8,6,96,12,0.66,1.87,0,0,0.0,0.0,0.0,0.0,0.0,0.0,0.0,0.0,0.0,
27,Ciera Eastin,0.76,2.38,1.37,9.11,0.15,0,8,13,101,13,0.61,1.01,0,0,0.0,0.0,0.0,0.0,0.0,0.0,0.0,0.0,0.0,
27,Kat Edorsson,0.78,2.33,0.25,1.41,0.18,2,2,5,24,3,0.6,2.07,0,0,0.0,0.0,0.0,0.0,0.0,0.0,0.0,0.0,0.0,
27,Aras Baskauskas,0.6,1.76,0.91,2.61,0.35,0,1,7,29,3,0.25,0.85,0,0,0.0,0.0,0.0,0.0,0.0,0.0,0.0,0.0,0.0,
27,Laura Boneham,0.66,1.48,0.55,2.11,0.26,1,2,11,29,4,0.41,0.93,0,0,0.0,0.0,0.0,0.0,0.0,0.0,0.0,0.0,0.0,
27,Colton Cumbie,1.26,1.31,0.24,0.24,1.0,0,1,0,10,1,0.26,1.08,0,0,0.0,0.0,0.0,0.0,0.0,0.0,0.0,0.0,0.0,
27,Candice Woodcock,0.03,1.25,1.25,2.0,0.63,0,0,6,10,1,-0.6,0.0,0,0,0.0,0.0,0.0,0.0,0.0,0.0,0.0,0.0,0.0,
27,Rachel Foulger,0.27,1.04,0.0,0.74,0.0,0,1,5,27,3,0.27,1.04,0,0,0.0,0.0,0.0,0.0,0.0,0.0,0.0,0.0,0.0,
27,Marissa Peterson,0.05,0.5,0.5,1.61,0.31,0,0,10,19,2,-0.26,0.0,0,0,0.0,0.0,0.0,0.0,0.0,0.0,0.0,0.0,0.0,
27,Rupert Boneham,0.0,0.0,0.0,0.5,0.0,0,0,0,10,1,0.0,0.0,0,0,0.0,0.0,0.0,0.0,0.0,0.0,0.0,0.0,0.0,
28,Tony Vlachos,2.06,10.73,2.28,12.94,0.18,2,9,5,67,9,0.99,3.11,8,9,0.89,0.0,0.0,0.0,0.0,0.0,0.0,0.0,0.0,
28,Woo Hwang,1.28,7.35,3.53,12.94,0.27,1,9,4,68,10,0.89,3.15,1,9,0.11,0.0,0.0,0.0,0.0,0.0,0.0,0.0,0.0,
28,Tasha Fox,0.99,5.64,3.54,8.94,0.4,1,6,4,73,10,0.59,2.1,0,0,0.0,0.0,0.0,0.0,0.0,3.0,6.0,0.0,0.0,
28,Spencer Bledsoe,0.86,5.58,4.41,11.94,0.37,0,6,8,82,12,0.49,1.17,0,0,0.0,0.0,0.0,0.0,0.0,3.0,8.0,0.0,0.0,
28,Kass Mcquillen,0.87,5.13,1.63,12.94,0.13,1,9,2,83,12,0.75,3.5,0,0,0.0,0.0,0.0,0.0,0.0,0.0,0.0,0.0,0.0,
28,Jefra Bland,0.92,3.3,1.76,7.61,0.23,1,5,9,58,7,0.69,1.54,0,0,0.0,0.0,0.0,0.0,0.0,0.0,0.0,0.0,0.0,
28,Trish Hegarty,0.74,3.27,1.33,10.94,0.12,1,5,5,63,8,0.62,1.94,0,0,0.0,0.0,0.0,0.0,0.0,0.0,0.0,0.0,0.0,
28,Lj Mckanas,0.84,2.91,1.51,5.36,0.28,0,3,8,43,5,0.56,1.4,0,0,0.0,0.0,0.0,0.0,0.0,0.0,0.0,0.0,0.0,
28,Jeremiah Wood,0.56,2.43,1.72,6.61,0.26,0,2,9,51,6,0.3,0.72,0,0,0.0,0.0,0.0,0.0,0.0,0.0,0.0,0.0,0.0,
28,Sarah Lacina,0.63,2.23,0.83,2.83,0.29,1,1,6,18,2,0.33,1.4,0,0,0.0,0.0,0.0,0.0,0.0,0.0,0.0,0.0,0.0,
28,Garrett Adelstein,0.36,2.0,0.0,0.37,0.0,0,1,3,11,2,0.36,2.0,0,0,0.0,0.0,0.0,0.0,0.0,0.0,0.0,0.0,0.0,
28,Alexis Maxwell,0.57,1.85,0.68,1.83,0.37,3,1,8,13,2,0.19,1.17,0,0,0.0,0.0,0.0,0.0,0.0,0.0,0.0,0.0,0.0,
28,Jtia Taylor,0.62,1.82,0.13,1.12,0.11,0,2,7,15,3,0.51,1.7,0,0,0.0,0.0,0.0,0.0,0.0,0.0,0.0,0.0,0.0,
28,Morgan Mcleod,0.37,1.3,0.72,4.03,0.18,3,1,8,34,4,0.19,0.58,0,0,0.0,0.0,0.0,0.0,0.0,0.0,0.0,0.0,0.0,
28,Cliff Robertson,-0.06,0.73,0.73,1.43,0.51,1,0,4,7,1,-0.57,0.0,0,0,0.0,0.0,0.0,0.0,0.0,0.0,0.0,0.0,0.0,
28,Lindsey Ogle,-0.08,0.55,0.55,1.43,0.39,2,0,0,7,1,-0.46,0.0,0,0,0.0,0.0,0.0,0.0,0.0,0.0,0.0,0.0,0.0,
28,Brice Johnston,-0.06,0.17,0.17,0.62,0.27,1,0,2,6,1,-0.33,0.0,0,0,0.0,0.0,0.0,0.0,0.0,0.0,0.0,0.0,0.0,
28,David Sampson,-0.67,0.0,0.0,0.17,0.0,0,0,4,6,1,-0.67,0.0,0,0,0.0,0.0,0.0,0.0,0.0,0.0,0.0,0.0,0.0,
29,Natalie Anderson,1.62,12.27,3.07,13.82,0.22,0,7,0,69,9,0.78,5.44,5,8,0.625,0.0,0.0,0.0,0.0,0.0,0.0,0.0,0.0,
29,Jaclyn Schultz,1.04,6.15,1.42,14.36,0.1,0,9,2,97,13,0.69,3.23,2,8,0.25,0.0,0.0,0.0,0.0,0.0,0.0,0.0,0.0,
29,Keith Nale,0.68,5.37,4.77,14.32,0.33,2,4,13,82,11,0.35,0.6,0,0,0.0,0.0,0.0,0.0,0.0,3.0,9.0,0.0,0.0,
29,Jon Misch,0.77,5.04,2.44,11.32,0.22,1,5,2,73,9,0.55,2.59,0,0,0.0,0.0,0.0,0.0,0.0,0.0,0.0,0.0,0.0,
29,Jeremy Collins,1.15,4.64,2.57,4.74,0.54,1,2,5,30,3,0.61,2.07,0,0,0.0,0.0,0.0,0.0,0.0,0.0,0.0,0.0,0.0,
29,Missy Payne,0.81,3.99,0.69,13.82,0.05,4,7,3,82,11,0.63,2.55,1,8,0.125,0.0,0.0,0.0,0.0,0.0,0.0,0.0,0.0,
29,Wes Nale,0.69,3.51,1.18,6.03,0.2,0,3,2,54,6,0.49,2.33,0,0,0.0,0.0,0.0,0.0,0.0,0.0,0.0,0.0,0.0,
29,Reed Kelly,0.51,3.22,2.82,7.99,0.35,0,1,10,47,5,0.16,0.4,0,0,0.0,0.0,0.0,0.0,0.0,0.0,0.0,0.0,0.0,
29,Alec Christy,0.59,2.68,0.93,9.53,0.1,0,4,4,69,8,0.49,1.75,0,0,0.0,0.0,0.0,0.0,0.0,0.0,0.0,0.0,0.0,
29,Baylor Wilson,0.75,2.3,1.37,13.36,0.1,0,8,16,93,12,0.65,0.93,0,0,0.0,0.0,0.0,0.0,0.0,0.0,0.0,0.0,0.0,
29,Kelley Wentworth,0.91,2.11,0.36,0.67,0.54,1,1,4,16,2,0.38,1.75,0,0,0.0,0.0,0.0,0.0,0.0,0.0,0.0,0.0,0.0,
29,Josh Canfield,0.61,1.88,0.48,3.08,0.15,0,2,6,35,4,0.46,1.4,0,0,0.0,0.0,0.0,0.0,0.0,0.0,0.0,0.0,0.0,
29,Julie Mcgee,0.11,1.66,0.88,2.34,0.38,2,1,2,9,1,0.17,0.78,0,0,0.0,0.0,0.0,0.0,0.0,0.0,0.0,0.0,0.0,
29,John Rocker,0.26,1.04,0.0,0.9,0.0,0,1,5,24,3,0.26,1.04,0,0,0.0,0.0,0.0,0.0,0.0,0.0,0.0,0.0,0.0,
29,Dale Wentworth,0.35,0.63,0.17,0.88,0.19,1,1,8,37,5,0.16,0.47,0,0,0.0,0.0,0.0,0.0,0.0,0.0,0.0,0.0,0.0,
29,Drew Christy,0.13,0.36,0.36,0.53,0.68,0,0,5,9,1,-0.56,0.0,0,0,0.0,0.0,0.0,0.0,0.0,0.0,0.0,0.0,0.0,
29,Nadiya Anderson,-0.56,0.0,0.0,0.11,0.0,0,0,5,9,1,-0.56,0.0,0,0,0.0,0.0,0.0,0.0,0.0,0.0,0.0,0.0,0.0,
29,Val Collins,-0.12,0.0,0.0,0.74,0.0,0,0,4,17,2,-0.12,0.0,0,0,0.0,0.0,0.0,0.0,0.0,0.0,0.0,0.0,0.0,
30,Mike Holloway,2.11,17.76,7.54,13.8,0.55,1,9,0,86,11,0.82,5.73,6,8,0.75,0.0,0.0,0.0,0.0,5.0,9.0,0.0,0.0,
30,Carolyn Rivera,1.21,7.1,3.8,13.8,0.28,0,9,5,86,11,0.81,2.55,1,8,0.13,0.0,0.0,0.0,0.0,0.0,0.0,0.0,0.0,
30,Joe Anglim,1.15,5.12,3.95,5.89,0.67,0,3,8,51,6,0.47,1.17,0,0,0.0,0.0,0.0,0.0,0.0,0.0,0.0,0.0,0.0,
30,Will Sims,0.74,4.08,1.58,13.8,0.11,1,6,4,91,12,0.5,1.75,1,8,0.13,0.0,0.0,0.0,0.0,0.0,0.0,0.0,0.0,
30,Tyler Fredrickson,0.59,3.33,2.16,9.47,0.23,1,3,5,70,8,0.37,1.17,0,0,0.0,0.0,0.0,0.0,0.0,0.0,0.0,0.0,0.0,
30,Sierra Thomas,0.59,2.6,1.2,12.8,0.09,0,5,6,82,10,0.49,1.4,0,0,0.0,0.0,0.0,0.0,0.0,0.0,0.0,0.0,0.0,
30,Hali Ford,0.77,2.4,1.0,4.69,0.21,0,3,8,41,5,0.56,1.4,0,0,0.0,0.0,0.0,0.0,0.0,0.0,0.0,0.0,0.0,
30,Dan Foley,0.59,2.2,1.12,10.8,0.1,2,5,9,77,10,0.49,1.08,0,0,0.0,0.0,0.0,0.0,0.0,0.0,0.0,0.0,0.0,
30,Max Dawson,0.71,2.11,0.55,1.35,0.41,0,1,5,13,2,0.31,1.56,0,0,0.0,0.0,0.0,0.0,0.0,0.0,0.0,0.0,0.0,
30,Shirin Oskooi,0.63,2.08,0.63,8.14,0.08,1,4,7,63,7,0.56,1.45,0,0,0.0,0.0,0.0,0.0,0.0,0.0,0.0,0.0,0.0,
30,Jenn Brown,0.69,2.07,1.0,6.89,0.15,0,4,11,60,7,0.55,1.07,0,0,0.0,0.0,0.0,0.0,0.0,0.0,0.0,0.0,0.0,
30,Rodney Lavoie,0.41,1.8,0.67,13.8,0.05,1,4,5,86,11,0.36,1.13,0,0,0.0,0.0,0.0,0.0,0.0,0.0,0.0,0.0,0.0,
30,Kelly Remington,0.51,1.78,0.62,2.69,0.23,1,1,4,25,3,0.28,1.17,0,0,0.0,0.0,0.0,0.0,0.0,0.0,0.0,0.0,0.0,
30,Joaquin Souberbielle,0.34,0.84,0.84,1.69,0.5,1,0,4,13,2,-0.15,0.0,0,0,0.0,0.0,0.0,0.0,0.0,0.0,0.0,0.0,0.0,
30,Lindsey Cascaddan,-0.16,0.18,0.18,1.07,0.17,2,0,2,6,1,-0.33,0.0,0,0,0.0,0.0,0.0,0.0,0.0,0.0,0.0,0.0,0.0,
30,Nina Poersch,0.11,0.17,0.17,0.57,0.29,1,0,4,11,2,-0.18,0.0,0,0,0.0,0.0,0.0,0.0,0.0,0.0,0.0,0.0,0.0,
30,Vince Sly,-0.05,0.17,0.17,0.37,0.45,0,0,3,6,1,-0.5,0.0,0,0,0.0,0.0,0.0,0.0,0.0,0.0,0.0,0.0,0.0,
30,So Kim,-0.67,0.0,0.0,2.17,0.0,0,0,4,6,1,-0.67,0.0,0,0,0.0,0.0,0.0,0.0,0.0,0.0,0.0,0.0,0.0,
31,Jeremy Collins,1.74,12.09,1.64,15.43,0.11,2,7,0,91,11,0.64,4.45,10,10,1.0,0.0,0.0,0.0,0.0,0.0,0.0,0.0,0.0,
31,Joe Anglim,0.53,5.56,5.56,9.93,0.56,0,0,8,63,5,-0.03,0.0,0,0,0.0,0.0,0.0,0.0,0.0,4.0,6.0,0.0,0.0,
31,Kelley Wentworth,0.75,5.38,3.83,14.93,0.26,2,6,5,104,12,0.5,1.56,0,0,0.0,0.0,0.0,0.0,0.0,0.0,0.0,0.0,0.0,
31,Spencer Bledsoe,0.9,5.15,3.95,14.93,0.26,1,9,11,117,14,0.64,1.2,0,10,0.0,0.0,0.0,0.0,0.0,3.0,10.0,0.0,0.0,
31,Keith Nale,0.44,3.94,3.16,13.93,0.23,0,2,4,81,9,0.22,0.78,0,0,0.0,0.0,0.0,0.0,0.0,0.0,0.0,0.0,0.0,
31,Stephen Fishbach,0.79,3.84,1.84,7.93,0.23,2,4,4,61,7,0.56,2.0,0,0,0.0,0.0,0.0,0.0,0.0,0.0,0.0,0.0,0.0,
31,Kimmi Kappenberg,0.62,3.4,0.8,12.93,0.06,1,5,2,82,9,0.55,2.59,0,0,0.0,0.0,0.0,0.0,0.0,0.0,0.0,0.0,0.0,
31,Andrew Savage,0.89,3.33,1.23,4.03,0.3,0,3,4,43,5,0.58,2.1,0,0,0.0,0.0,0.0,0.0,0.0,0.0,0.0,0.0,0.0,
31,Tasha Fox,0.65,2.94,1.13,14.93,0.08,1,7,5,96,12,0.58,1.81,0,10,0.0,0.0,0.0,0.0,0.0,0.0,0.0,0.0,0.0,
31,Jeff Varner,0.72,2.63,0.0,0.58,0.0,0,3,4,30,4,0.72,2.63,0,0,0.0,0.0,0.0,0.0,0.0,0.0,0.0,0.0,0.0,
31,Ciera Eastin,0.77,2.43,1.23,5.93,0.21,4,3,10,53,5,0.56,1.2,0,0,0.0,0.0,0.0,0.0,0.0,0.0,0.0,0.0,0.0,
31,Peih-Gee Law,0.61,2.33,0.0,0.38,0.0,0,2,4,25,3,0.61,2.33,0,0,0.0,0.0,0.0,0.0,0.0,0.0,0.0,0.0,0.0,
31,Kass Mcquillen,0.67,2.15,0.75,2.36,0.32,1,1,6,20,2,0.35,1.4,0,0,0.0,0.0,0.0,0.0,0.0,0.0,0.0,0.0,0.0,
31,Woo Hwang,0.75,1.76,0.52,1.36,0.38,0,2,5,37,5,0.37,1.24,0,0,0.0,0.0,0.0,0.0,0.0,0.0,0.0,0.0,0.0,
31,Abi-Maria Gomes,0.72,1.75,0.72,11.93,0.06,2,8,14,107,12,0.66,1.04,0,0,0.0,0.0,0.0,0.0,0.0,0.0,0.0,0.0,0.0,
31,Shirin Oskooi,0.37,1.56,0.0,0.21,0.0,0,1,5,19,2,0.37,1.56,0,0,0.0,0.0,0.0,0.0,0.0,0.0,0.0,0.0,0.0,
31,Kelly Wiglesworth,0.28,1.05,0.72,4.73,0.15,1,1,8,68,7,0.13,0.33,0,0,0.0,0.0,0.0,0.0,0.0,0.0,0.0,0.0,0.0,
31,Terry Deitz,0.25,0.52,0.52,1.58,0.33,1,0,0,19,2,-0.08,0.0,0,0,0.0,0.0,0.0,0.0,0.0,0.0,0.0,0.0,0.0,
31,Monica Padilla,-0.23,0.29,0.29,1.08,0.27,2,0,3,6,1,-0.5,0.0,0,0,0.0,0.0,0.0,0.0,0.0,0.0,0.0,0.0,0.0,
31,Vytas Baskauskas,-0.6,0.0,0.0,0.1,0.0,0,0,6,10,1,-0.6,0.0,0,0,0.0,0.0,0.0,0.0,0.0,0.0,0.0,0.0,0.0,
32,Michele Fitzgerald,1.76,12.6,5.2,13.4,0.39,1,4,2,45,6,0.66,3.11,5,7,0.71,0.0,0.0,0.0,0.0,0.0,0.0,0.0,0.0,
32,Aubry Bracco,1.3,5.72,1.93,13.4,0.14,1,8,8,63,9,0.87,2.07,2,7,0.29,0.0,0.0,0.0,0.0,0.0,0.0,0.0,0.0,
32,Tai Trang,0.78,5.05,3.11,13.4,0.23,1,5,4,57,9,0.55,1.94,0,7,0.0,0.0,0.0,0.0,0.0,0.0,0.0,0.0,0.0,
32,Cydney Gillon,0.93,4.38,1.96,12.4,0.16,0,7,5,60,9,0.77,2.42,0,0,0.0,0.0,0.0,0.0,0.0,0.0,0.0,0.0,0.0,
32,Julia Sokolowski,0.88,4.1,2.58,8.07,0.32,2,3,7,40,5,0.57,1.53,0,0,0.0,0.0,0.0,0.0,0.0,0.0,0.0,0.0,0.0,
32,Joe Del Campo,0.82,3.55,1.68,10.4,0.16,3,6,1,59,8,0.66,1.87,0,0,0.0,0.0,0.0,0.0,0.0,0.0,0.0,0.0,0.0,
32,Debbie Wanner,0.84,3.27,1.2,5.07,0.24,1,2,5,25,3,0.6,2.07,0,0,0.0,0.0,0.0,0.0,0.0,0.0,0.0,0.0,0.0,
32,Kyle Jason,0.46,2.82,2.04,9.4,0.22,1,2,5,56,8,0.24,0.78,0,0,0.0,0.0,0.0,0.0,0.0,0.0,0.0,0.0,0.0,
32,Nick Maiorano,0.01,2.32,2.32,3.82,0.61,0,0,6,10,1,-0.6,0.0,0,0,0.0,0.0,0.0,0.0,0.0,0.0,0.0,0.0,0.0,
32,Scot Pollard,0.6,2.01,0.74,6.57,0.11,0,4,7,54,8,0.48,1.27,0,0,0.0,0.0,0.0,0.0,0.0,0.0,0.0,0.0,0.0,
32,Jennifer Lanzetti,0.36,2.0,0.0,0.37,0.0,0,1,3,11,2,0.36,2.0,0,0,0.0,0.0,0.0,0.0,0.0,0.0,0.0,0.0,0.0,
32,Peter Baggenstos,0.78,1.78,0.93,1.62,0.58,0,1,7,18,3,0.2,0.85,0,0,0.0,0.0,0.0,0.0,0.0,0.0,0.0,0.0,0.0,
32,Alecia Holden,0.53,1.68,0.13,3.45,0.04,0,2,8,15,3,0.49,1.56,0,0,0.0,0.0,0.0,0.0,0.0,0.0,0.0,0.0,0.0,
32,Neal Gottlieb,0.0,0.85,0.85,2.62,0.32,1,0,0,6,1,-0.32,0.0,0,0,0.0,0.0,0.0,0.0,0.0,0.0,0.0,0.0,0.0,
32,Caleb Reynolds,-0.24,0.66,0.66,0.87,0.76,0,0,0,0,0,-1.0,0.0,0,0,0.0,0.0,0.0,0.0,0.0,0.0,0.0,0.0,0.0,
32,Anna Khait,-0.52,0.41,0.41,1.28,0.32,2,0,5,6,1,-0.83,0.0,0,0,0.0,0.0,0.0,0.0,0.0,0.0,0.0,0.0,0.0,
32,Liz Markham,0.1,0.27,0.27,0.62,0.43,0,0,2,6,1,-0.33,0.0,0,0,0.0,0.0,0.0,0.0,0.0,0.0,0.0,0.0,0.0,
32,Darnell Hamilton,-0.5,0.0,0.0,0.17,0.0,0,0,3,6,1,-0.5,0.0,0,0,0.0,0.0,0.0,0.0,0.0,0.0,0.0,0.0,0.0,
33,Adam Klein,1.88,9.86,1.76,13.22,0.13,2,9,6,100,12,0.75,2.1,10,10,1.0,0.0,0.0,0.0,0.0,0.0,0.0,0.0,0.0,
33,Ken Mcnickle,1.22,8.75,4.75,13.22,0.36,0,12,2,117,14,0.86,4.0,0,10,0.0,0.0,0.0,0.0,0.0,0.0,0.0,0.0,0.0,
33,David Wright,1.09,4.87,3.15,13.22,0.24,1,12,10,117,14,0.85,1.71,0,0,0.0,0.0,0.0,0.0,0.0,0.0,0.0,0.0,0.0,
33,Jay Starrett,0.65,4.68,4.04,11.22,0.36,1,3,9,92,10,0.29,0.65,0,0,0.0,0.0,0.0,0.0,0.0,0.0,0.0,0.0,0.0,
33,Hannah Shapiro,0.83,3.44,1.11,13.22,0.08,3,9,5,101,12,0.75,2.33,0,10,0.0,0.0,0.0,0.0,0.0,0.0,0.0,0.0,0.0,
33,Will Wahl,0.66,2.99,1.59,9.22,0.17,4,4,6,79,8,0.49,1.4,0,0,0.0,0.0,0.0,0.0,0.0,0.0,0.0,0.0,0.0,
33,Michaela Bradshaw,1.06,2.79,1.04,1.52,0.68,0,1,4,16,2,0.38,1.75,0,0,0.0,0.0,0.0,0.0,0.0,0.0,0.0,0.0,0.0,
33,Zeke Smith,0.75,2.76,1.62,8.22,0.2,1,4,10,70,7,0.55,1.14,0,0,0.0,0.0,0.0,0.0,0.0,0.0,0.0,0.0,0.0,
33,Sunday Burquest,0.57,2.68,1.26,10.22,0.12,2,5,5,103,11,0.45,1.41,0,0,0.0,0.0,0.0,0.0,0.0,0.0,0.0,0.0,0.0,
33,Chris Hammons,0.79,2.61,1.15,4.89,0.24,0,4,7,68,7,0.56,1.45,0,0,0.0,0.0,0.0,0.0,0.0,0.0,0.0,0.0,0.0,
33,Bret Labelle,0.49,2.58,1.39,12.22,0.11,2,5,5,114,13,0.38,1.2,0,0,0.0,0.0,0.0,0.0,0.0,0.0,0.0,0.0,0.0,
33,Michelle Schubert,0.98,2.42,1.09,2.52,0.43,1,2,10,28,3,0.55,1.33,0,0,0.0,0.0,0.0,0.0,0.0,0.0,0.0,0.0,0.0,
33,Jessica Lewis,0.59,2.34,0.59,6.22,0.09,1,4,4,78,8,0.49,1.75,0,0,0.0,0.0,0.0,0.0,0.0,0.0,0.0,0.0,0.0,
33,Jessica Figueroa,0.73,1.84,0.44,1.02,0.43,0,1,6,15,2,0.3,1.4,0,0,0.0,0.0,0.0,0.0,0.0,0.0,0.0,0.0,0.0,
33,Lucy Huang,0.72,1.79,0.24,0.57,0.41,0,1,2,27,3,0.31,1.56,0,0,0.0,0.0,0.0,0.0,0.0,0.0,0.0,0.0,0.0,
33,Paul Wachter,0.69,1.51,0.11,0.32,0.34,0,1,6,19,2,0.34,1.4,0,0,0.0,0.0,0.0,0.0,0.0,0.0,0.0,0.0,0.0,
33,Taylor Stocker,0.44,1.49,0.85,3.69,0.23,0,1,7,40,4,0.21,0.64,0,0,0.0,0.0,0.0,0.0,0.0,0.0,0.0,0.0,0.0,
33,Cece Taylor,0.72,1.17,0.24,0.77,0.31,0,2,11,32,4,0.41,0.93,0,0,0.0,0.0,0.0,0.0,0.0,0.0,0.0,0.0,0.0,
33,Mari Takahashi,-0.23,0.1,0.1,0.21,0.47,0,0,7,10,1,-0.7,0.0,0,0,0.0,0.0,0.0,0.0,0.0,0.0,0.0,0.0,0.0,
33,Rachel Ako,-0.5,0.0,0.0,0.1,0.0,0,0,5,10,1,-0.5,0.0,0,0,0.0,0.0,0.0,0.0,0.0,0.0,0.0,0.0,0.0,
34,Brad Culpepper,1.48,11.47,6.56,12.81,0.51,0,8,2,103,12,0.67,3.11,3,10,0.3,0.0,0.0,0.0,0.0,5.0,10.0,0.0,0.0,
34,Sarah Lacina,1.64,11.26,1.14,12.31,0.09,0,11,0,99,13,0.85,5.92,7,10,0.7,0.0,0.0,0.0,0.0,0.0,0.0,0.0,0.0,
34,Andrea Boehlke,1.06,4.81,3.84,8.31,0.46,0,5,14,77,8,0.6,0.97,0,0,0.0,0.0,0.0,0.0,0.0,0.0,0.0,0.0,0.0,
34,Troyzan Robertson,0.79,4.75,1.64,12.81,0.13,2,8,2,105,12,0.67,3.11,0,10,0.0,0.0,0.0,0.0,0.0,0.0,0.0,0.0,0.0,
34,Cirie Fields,0.58,4.37,0.87,10.31,0.08,2,4,0,77,8,0.5,3.5,0,0,0.0,0.0,0.0,0.0,0.0,0.0,0.0,0.0,0.0,
34,Aubry Bracco,0.66,3.36,2.29,11.31,0.2,0,6,8,117,13,0.46,1.08,0,0,0.0,0.0,0.0,0.0,0.0,0.0,0.0,0.0,0.0,
34,Debbie Wanner,1.04,3.32,0.92,4.63,0.2,0,6,6,60,7,0.84,2.4,0,0,0.0,0.0,0.0,0.0,0.0,0.0,0.0,0.0,0.0,
34,Tai Trang,0.83,3.23,1.85,12.81,0.14,0,9,10,109,13,0.69,1.38,0,0,0.0,0.0,0.0,0.0,0.0,0.0,0.0,0.0,0.0,
34,Ozzy Lusth,0.98,3.01,1.1,4.07,0.27,0,3,7,39,4,0.71,1.91,0,0,0.0,0.0,0.0,0.0,0.0,0.0,0.0,0.0,0.0,
34,Malcolm Freberg,1.0,2.49,0.42,1.08,0.39,0,2,5,30,3,0.61,2.07,0,0,0.0,0.0,0.0,0.0,0.0,0.0,0.0,0.0,0.0,
34,Hali Ford,0.97,2.35,0.49,2.41,0.2,0,4,8,49,5,0.77,1.87,0,0,0.0,0.0,0.0,0.0,0.0,0.0,0.0,0.0,0.0,
34,Zeke Smith,0.69,2.24,1.3,5.97,0.22,0,3,11,60,6,0.47,0.93,0,0,0.0,0.0,0.0,0.0,0.0,0.0,0.0,0.0,0.0,
34,Sierra Thomas,0.68,2.13,0.9,7.31,0.12,0,4,9,73,7,0.55,1.23,0,0,0.0,0.0,0.0,0.0,0.0,0.0,0.0,0.0,0.0,
34,Caleb Reynolds,0.6,2.07,0.0,0.38,0.0,0,2,5,25,3,0.6,2.07,0,0,0.0,0.0,0.0,0.0,0.0,0.0,0.0,0.0,0.0,
34,Jeff Varner,0.77,1.81,0.41,1.41,0.29,0,3,6,48,6,0.48,1.4,0,0,0.0,0.0,0.0,0.0,0.0,0.0,0.0,0.0,0.0,
34,Michaela Bradshaw,0.69,1.74,0.55,9.31,0.06,1,7,11,106,11,0.63,1.19,0,0,0.0,0.0,0.0,0.0,0.0,0.0,0.0,0.0,0.0,
34,Sandra Diaz-Twine,0.61,1.51,0.27,1.12,0.24,1,2,5,42,5,0.38,1.24,0,0,0.0,0.0,0.0,0.0,0.0,0.0,0.0,0.0,0.0,
34,Tony Vlachos,0.32,1.27,0.0,0.21,0.0,0,1,7,19,2,0.32,1.27,0,0,0.0,0.0,0.0,0.0,0.0,0.0,0.0,0.0,0.0,
34,Jt Thomas,0.4,0.73,0.73,1.48,0.49,0,0,3,16,2,-0.09,0.0,0,0,0.0,0.0,0.0,0.0,0.0,0.0,0.0,0.0,0.0,
34,Ciera Eastin,-0.9,0.0,0.0,0.1,0.0,0,0,9,10,1,-0.9,0.0,0,0,0.0,0.0,0.0,0.0,0.0,0.0,0.0,0.0,0.0,
35,Ben Driebergen,1.52,9.16,1.78,14.28,0.12,1,7,2,73,9,0.77,3.63,5,8,0.63,0.0,0.0,0.0,0.0,0.0,0.0,0.0,0.0,
35,Chrissy Hofbeck,1.15,9.09,6.43,14.28,0.45,1,5,7,82,11,0.45,1.16,2,8,0.25,0.0,0.0,0.0,0.0,4.0,9.0,0.0,0.0,
35,Devon Pinto,1.01,6.57,1.53,14.28,0.11,1,9,1,82,10,0.9,5.04,0,0,0.0,0.0,0.0,0.0,0.0,0.0,0.0,0.0,0.0,
35,Lauren Rimmer,1.12,6.29,2.86,10.78,0.27,4,6,3,67,7,0.85,3.43,0,0,0.0,0.0,0.0,0.0,0.0,0.0,0.0,0.0,0.0,
35,Ryan Ulrich,0.84,6.05,0.63,14.28,0.04,1,8,0,87,12,0.67,4.67,1,8,0.13,0.0,0.0,0.0,0.0,0.0,0.0,0.0,0.0,
35,Ashley Nolan,0.8,4.43,3.13,12.28,0.26,0,5,8,72,9,0.54,1.3,0,0,0.0,0.0,0.0,0.0,0.0,0.0,0.0,0.0,0.0,
35,Desi Williams,0.77,3.3,2.13,4.33,0.49,0,1,4,26,3,0.28,1.17,0,0,0.0,0.0,0.0,0.0,0.0,0.0,0.0,0.0,0.0,
35,Cole Medders,0.47,2.98,2.98,5.53,0.54,0,0,7,32,3,-0.07,0.0,0,0,0.0,0.0,0.0,0.0,0.0,0.0,0.0,0.0,0.0,
35,Jp Hilsabeck,0.82,2.93,0.93,7.53,0.12,0,5,6,56,7,0.7,2.0,0,0,0.0,0.0,0.0,0.0,0.0,0.0,0.0,0.0,0.0,
35,Alan Ball,0.74,2.72,0.38,1.13,0.34,0,1,2,10,2,0.4,2.33,0,0,0.0,0.0,0.0,0.0,0.0,0.0,0.0,0.0,0.0,
35,Mike Zahalsky,0.46,2.48,1.31,13.28,0.1,3,3,5,67,8,0.37,1.17,0,0,0.0,0.0,0.0,0.0,0.0,0.0,0.0,0.0,0.0,
35,Ali Elliott,0.67,2.43,0.43,2.13,0.2,0,2,3,20,4,0.46,2.0,0,0,0.0,0.0,0.0,0.0,0.0,0.0,0.0,0.0,0.0,
35,Joe Mena,0.61,2.26,1.18,8.78,0.13,2,3,9,53,6,0.47,1.08,0,0,0.0,0.0,0.0,0.0,0.0,0.0,0.0,0.0,0.0,
35,Jessica Johnston,-0.01,1.78,1.78,3.13,0.57,0,0,7,12,1,-0.58,0.0,0,0,0.0,0.0,0.0,0.0,0.0,0.0,0.0,0.0,0.0,
35,Patrick Bolton,0.39,1.64,0.08,0.73,0.11,0,1,5,11,2,0.27,1.56,0,0,0.0,0.0,0.0,0.0,0.0,0.0,0.0,0.0,0.0,
35,Roark Luskin,-0.15,0.73,0.73,1.63,0.45,0,0,3,5,1,-0.6,0.0,0,0,0.0,0.0,0.0,0.0,0.0,0.0,0.0,0.0,0.0,
35,Katrina Radke,-0.58,0.08,0.08,0.33,0.25,0,0,5,6,1,-0.83,0.0,0,0,0.0,0.0,0.0,0.0,0.0,0.0,0.0,0.0,0.0,
35,Simone Nguyen,-0.68,0.08,0.08,0.53,0.16,0,0,5,6,1,-0.83,0.0,0,0,0.0,0.0,0.0,0.0,0.0,0.0,0.0,0.0,0.0,
36,Domenick Abbate,1.6,10.77,4.31,12.39,0.35,1,8,2,80,10,0.8,3.73,5,11,0.45,0.0,0.0,0.0,0.0,3.0,9.0,0.0,0.0,
36,Wendell Holland,1.63,9.65,3.95,12.39,0.32,0,7,5,75,9,0.77,2.42,6,11,0.55,0.0,0.0,0.0,0.0,0.0,0.0,0.0,0.0,
36,Laurel Johnson,1.1,6.69,2.45,12.72,0.19,1,10,2,92,11,0.91,4.24,0,10,0.0,0.0,0.0,0.0,0.0,0.0,0.0,0.0,0.0,
36,Chelsea Townsend,1.13,5.37,3.04,7.89,0.39,2,6,5,70,8,0.74,2.33,0,0,0.0,0.0,0.0,0.0,0.0,0.0,0.0,0.0,0.0,
36,Sebastian Noel,0.86,4.17,2.1,10.72,0.2,0,6,5,78,9,0.66,2.07,0,0,0.0,0.0,0.0,0.0,0.0,0.0,0.0,0.0,0.0,
36,Kellyn Bechtold,0.77,3.75,1.65,9.39,0.18,0,6,4,78,10,0.59,2.1,0,0,0.0,0.0,0.0,0.0,0.0,0.0,0.0,0.0,0.0,
36,Angela Perkins,0.59,3.67,1.89,12.39,0.15,2,4,3,79,9,0.44,1.78,0,0,0.0,0.0,0.0,0.0,0.0,0.0,0.0,0.0,0.0,
36,Jenna Bowman,0.73,3.14,0.64,5.89,0.11,1,5,3,74,8,0.62,2.5,0,0,0.0,0.0,0.0,0.0,0.0,0.0,0.0,0.0,0.0,
36,James Lim,1.19,2.6,0.5,1.02,0.49,0,3,6,30,4,0.7,2.1,0,0,0.0,0.0,0.0,0.0,0.0,0.0,0.0,0.0,0.0,
36,Libby Vincek,0.92,2.57,1.02,3.69,0.28,0,4,8,55,6,0.64,1.56,0,0,0.0,0.0,0.0,0.0,0.0,0.0,0.0,0.0,0.0,
36,Brendan Shapiro,1.09,2.52,0.44,0.91,0.49,0,2,5,26,3,0.6,2.07,0,0,0.0,0.0,0.0,0.0,0.0,0.0,0.0,0.0,0.0,
36,Michael Yerger,0.67,2.5,0.77,6.22,0.12,0,5,5,80,9,0.55,1.73,0,0,0.0,0.0,0.0,0.0,0.0,0.0,0.0,0.0,0.0,
36,Bradley Kleihege,0.99,2.23,0.67,1.52,0.44,0,2,8,22,3,0.55,1.56,0,0,0.0,0.0,0.0,0.0,0.0,0.0,0.0,0.0,0.0,
36,Donathan Hurley,0.63,2.19,1.02,11.39,0.09,0,6,9,88,11,0.54,1.17,0,0,0.0,0.0,0.0,0.0,0.0,0.0,0.0,0.0,0.0,
36,Desiree Afuye,0.72,1.78,0.45,5.22,0.09,1,4,10,57,6,0.64,1.33,0,0,0.0,0.0,0.0,0.0,0.0,0.0,0.0,0.0,0.0,
36,Stephanie Johnson,0.58,1.38,0.11,0.82,0.14,0,2,7,34,4,0.45,1.27,0,0,0.0,0.0,0.0,0.0,0.0,0.0,0.0,0.0,0.0,
36,Chris Noble,-0.32,1.29,1.29,2.86,0.45,0,0,10,13,1,-0.77,0.0,0,0,0.0,0.0,0.0,0.0,0.0,0.0,0.0,0.0,0.0,
36,Morgan Ricke,0.16,0.21,0.21,0.32,0.66,0,0,4,8,1,-0.5,0.0,0,0,0.0,0.0,0.0,0.0,0.0,0.0,0.0,0.0,0.0,
36,Jacob Derwin,-0.63,0.0,0.0,0.21,0.0,0,0,5,8,1,-0.63,0.0,0,0,0.0,0.0,0.0,0.0,0.0,0.0,0.0,0.0,0.0,
36,Stephanie Gonzalez,-0.89,0.0,0.0,0.1,0.0,0,0,8,9,1,-0.89,0.0,0,0,0.0,0.0,0.0,0.0,0.0,0.0,0.0,0.0,0.0,
37,Nick Wilson,1.77,13.7,4.12,13.75,0.3,1,10,0,99,13,0.77,5.38,7,10,0.7,0.0,0.0,0.0,0.0,3.0,10.0,1.0,1.0,"Found by Nick, Day 21. Played on Alison, against Dan (Day 25)."
37,Mike White,1.21,8.19,2.19,13.75,0.16,0,9,1,100,12,0.75,4.2,3,10,0.3,0.0,0.0,0.0,0.0,0.0,0.0,0.0,0.0,
37,Kara Kay,0.8,6.64,2.19,13.75,0.16,1,7,0,96,11,0.64,4.45,0,0,0.0,0.0,0.0,0.0,0.0,0.0,0.0,0.0,0.0,
37,Davie Rickenbacker,0.76,4.66,3.1,11.75,0.26,0,5,5,90,10,0.49,1.56,0,0,0.0,0.0,0.0,0.0,0.0,0.0,0.0,0.0,0.0,
37,Christian Hubicki,0.97,4.64,2.54,11.0,0.23,1,6,6,79,8,0.74,2.1,0,0,0.0,0.0,0.0,0.0,0.0,0.0,0.0,0.0,0.0,
37,Gabby Pascuzzi,0.83,4.38,1.04,8.75,0.12,1,5,2,72,7,0.71,3.33,0,0,0.0,0.0,0.0,0.0,0.0,0.0,0.0,0.0,0.0,
37,John Hennigan,0.94,3.84,1.18,3.85,0.31,0,2,3,35,3,0.64,2.67,0,0,0.0,0.0,0.0,0.0,0.0,0.0,0.0,0.0,0.0,
37,Dan Rengering,0.93,3.61,2.21,4.8,0.46,0,2,6,46,4,0.47,1.4,0,0,0.0,0.0,0.0,0.0,0.0,0.0,0.0,0.0,0.0,
37,Alec Merlino,0.86,3.38,2.3,6.0,0.38,0,3,9,61,6,0.48,1.08,0,0,0.0,0.0,0.0,0.0,0.0,0.0,0.0,0.0,0.0,
37,Angelina Keely,0.74,3.37,1.04,13.75,0.08,2,8,4,100,12,0.66,2.33,0,10,0.0,0.0,0.0,0.0,0.0,0.0,0.0,0.0,0.0,
37,Alison Raybould,0.7,3.04,2.13,13.0,0.16,1,5,13,91,9,0.54,0.92,0,0,0.0,0.0,0.0,0.0,0.0,0.0,0.0,0.0,0.0,
37,Carl Boudreaux,0.61,2.3,0.9,7.05,0.13,2,3,6,64,6,0.48,1.4,0,0,0.0,0.0,0.0,0.0,0.0,0.0,0.0,0.0,0.0,
37,Natalia Azoqa,0.79,2.21,0.21,0.54,0.39,1,1,3,15,2,0.4,2.0,0,0,0.0,0.0,0.0,0.0,0.0,0.0,0.0,0.0,0.0,
37,Lyrsa Torres,0.92,2.14,0.7,1.69,0.42,0,2,9,18,3,0.5,1.44,0,0,0.0,0.0,0.0,0.0,0.0,0.0,0.0,0.0,0.0,
37,Natalie Cole,0.69,2.05,0.3,0.94,0.32,1,1,4,15,2,0.37,1.75,0,0,0.0,0.0,0.0,0.0,0.0,0.0,0.0,0.0,0.0,
37,Elizabeth Olson,0.72,1.62,0.53,2.44,0.22,1,2,13,27,3,0.51,1.1,0,0,0.0,0.0,0.0,0.0,0.0,0.0,0.0,0.0,0.0,
37,Jeremy Crawford,-0.27,0.21,0.21,0.34,0.63,0,0,9,10,1,-0.9,0.0,0,0,0.0,0.0,0.0,0.0,0.0,0.0,0.0,0.0,0.0,
37,Bi Nguyen,0.14,0.13,0.13,0.34,0.37,0,0,0,9,1,-0.2,0.0,0,0,0.0,0.0,0.0,0.0,0.0,0.0,0.0,0.0,0.0,
37,Jessica Peet,-0.56,0.0,0.0,0.21,0.0,0,0,5,9,1,-0.56,0.0,0,0,0.0,0.0,0.0,0.0,0.0,0.0,0.0,0.0,0.0,
37,Pat Cusack,-1.0,0.0,0.0,0.1,0.0,0,0,0,0,0,-1.0,0.0,0,0,0.0,0.0,0.0,0.0,0.0,0.0,0.0,0.0,0.0,
38,Gavin Whitson,1.24,10.58,4.06,15.47,0.26,0,8,0,101,12,0.67,4.67,4,13,0.31,0.0,0.0,0.0,0.0,0.0,0.0,0.0,0.0,
38,Chris Underwood,1.85,8.79,2.14,5.52,0.39,0,4,5,35,5,0.77,2.49,9,13,0.69,0.0,0.0,0.0,0.0,0.0,0.0,0.0,0.0,
38,Rick Devens,0.95,7.34,5.56,14.47,0.38,0,8,5,117,14,0.57,1.78,0,0,0.0,0.0,0.0,0.0,0.0,4.0,11.0,0.0,0.0,
38,Julie Rosenberg,0.71,6.11,3.31,15.47,0.21,3,5,1,88,10,0.5,2.8,0,13,0.0,0.0,0.0,0.0,0.0,0.0,0.0,0.0,0.0,
38,Ron Clark,0.91,5.19,2.33,11.47,0.2,3,5,3,71,7,0.71,2.86,0,0,0.0,0.0,0.0,0.0,0.0,0.0,0.0,0.0,0.0,
38,Aurora Mccreary,0.8,4.47,3.5,13.47,0.26,1,5,12,77,9,0.54,0.97,0,0,0.0,0.0,0.0,0.0,0.0,0.0,0.0,0.0,0.0,
38,Victoria Baamonde,0.78,4.15,0.75,13.47,0.06,3,8,2,96,11,0.73,3.39,0,0,0.0,0.0,0.0,0.0,0.0,0.0,0.0,0.0,0.0,
38,Julia Carter,0.84,2.93,1.5,5.89,0.25,1,2,9,36,3,0.58,1.44,0,0,0.0,0.0,0.0,0.0,0.0,0.0,0.0,0.0,0.0,
38,Daniel Dasilva,0.79,2.38,0.68,9.47,0.07,0,8,8,100,11,0.72,1.7,0,0,0.0,0.0,0.0,0.0,0.0,0.0,0.0,0.0,0.0,
38,Lauren Oconnell,0.72,2.1,0.85,14.47,0.06,1,10,11,125,15,0.66,1.24,0,0,0.0,0.0,0.0,0.0,0.0,0.0,0.0,0.0,0.0,
38,Eric Hafemann,0.63,2.06,0.9,4.89,0.18,0,2,8,38,4,0.45,1.17,0,0,0.0,0.0,0.0,0.0,0.0,0.0,0.0,0.0,0.0,
38,Kelley Wentworth,0.76,1.69,0.6,8.22,0.07,1,7,14,92,10,0.68,1.09,0,0,0.0,0.0,0.0,0.0,0.0,0.0,0.0,0.0,0.0,
38,Joe Anglim,-0.04,1.58,1.58,3.72,0.42,0,0,6,13,1,-0.46,0.0,0,0,0.0,0.0,0.0,0.0,0.0,0.0,0.0,0.0,0.0,
38,David Wright,0.69,1.51,0.27,6.89,0.04,0,6,11,83,9,0.65,1.24,0,0,0.0,0.0,0.0,0.0,0.0,0.0,0.0,0.0,0.0,
38,Keith Sowell,0.32,1.4,0.0,1.24,0.0,0,1,6,17,2,0.32,1.4,0,0,0.0,0.0,0.0,0.0,0.0,0.0,0.0,0.0,0.0,
38,Wendy Diaz,0.33,0.92,0.49,2.72,0.18,0,1,9,37,5,0.15,0.43,0,0,0.0,0.0,0.0,0.0,0.0,0.0,0.0,0.0,0.0,
38,Aubry Bracco,-0.65,0.48,0.48,3.22,0.15,2,0,4,5,1,-0.8,0.0,0,0,0.0,0.0,0.0,0.0,0.0,0.0,0.0,0.0,0.0,
38,Reem Daly,-0.44,0.0,0.0,2.11,0.0,0,0,4,9,1,-0.44,0.0,0,0,0.0,0.0,0.0,0.0,0.0,0.0,0.0,0.0,0.0,
39,Tommy Sheehan,1.81,10.97,2.54,10.79,0.24,1,7,2,75,9,0.77,3.63,8,10,0.8,0.0,0.0,0.0,0.0,0.0,0.0,0.0,0.0,
39,Dean Kowalski,1.09,8.29,2.42,10.79,0.22,1,8,0,99,12,0.67,4.67,2,10,0.2,0.0,0.0,0.0,0.0,0.0,0.0,0.0,0.0,
39,Noura Salman,1.1,5.7,3.52,10.79,0.33,1,7,6,83,9,0.77,2.18,0,10,0.0,0.0,0.0,0.0,0.0,3.0,8.0,0.0,0.0,
39,Lauren Beck,0.84,5.61,1.87,10.79,0.17,3,6,1,76,9,0.67,3.73,0,0,0.0,0.0,0.0,0.0,0.0,0.0,0.0,0.0,0.0,
39,Missy Byrd,1.09,4.5,1.65,4.29,0.38,0,5,3,62,7,0.71,2.86,0,0,0.0,0.0,0.0,0.0,0.0,0.0,0.0,0.0,0.0,
39,Aaron Meredith,1.18,4.42,2.65,4.29,0.62,0,4,5,63,7,0.56,1.78,0,0,0.0,0.0,0.0,0.0,0.0,0.0,0.0,0.0,0.0,
39,Elizabeth Beisel,0.72,4.01,0.81,5.29,0.15,0,4,1,71,7,0.57,3.2,0,0,0.0,0.0,0.0,0.0,0.0,0.0,0.0,0.0,0.0,
39,Jason Linden,1.39,3.53,0.73,0.98,0.74,0,1,6,17,1,0.65,2.8,0,0,0.0,0.0,0.0,0.0,0.0,0.0,0.0,0.0,0.0,
39,Elaine Stott,0.88,3.3,1.67,8.79,0.19,2,7,8,86,10,0.69,1.63,0,0,0.0,0.0,0.0,0.0,0.0,0.0,0.0,0.0,0.0,
39,Janet Carbin,0.59,2.38,0.98,9.79,0.1,1,5,6,83,10,0.49,1.4,0,0,0.0,0.0,0.0,0.0,0.0,0.0,0.0,0.0,0.0,
39,Dan Spilo,0.66,2.08,1.04,8.79,0.12,1,5,5,71,8,0.54,1.04,0,0,0.0,0.0,0.0,0.0,0.0,0.0,0.0,0.0,0.0,
39,Jack Nichting,0.73,2.03,0.48,1.13,0.43,0,1,2,24,3,0.31,1.56,0,0,0.0,0.0,0.0,0.0,0.0,0.0,0.0,0.0,0.0,
39,Chelsea Walker,0.84,1.98,0.11,0.45,0.25,0,2,6,26,3,0.59,1.87,0,0,0.0,0.0,0.0,0.0,0.0,0.0,0.0,0.0,0.0,
39,Kellee Kim,0.67,1.65,0.48,2.13,0.23,0,2,8,37,4,0.45,1.17,0,0,0.0,0.0,0.0,0.0,0.0,0.0,0.0,0.0,0.0,
39,Tom Laidlaw,0.61,1.51,0.11,0.7,0.16,0,2,6,33,4,0.45,1.4,0,0,0.0,0.0,0.0,0.0,0.0,0.0,0.0,0.0,0.0,
39,Vince Moua,0.65,1.38,0.11,0.32,0.34,0,1,7,18,2,0.31,1.27,0,0,0.0,0.0,0.0,0.0,0.0,0.0,0.0,0.0,0.0,
39,Jamal Shipman,0.36,1.18,0.48,3.29,0.15,0,1,6,48,4,0.22,0.7,0,0,0.0,0.0,0.0,0.0,0.0,0.0,0.0,0.0,0.0,
39,Karishma Patel,0.52,0.99,0.25,6.79,0.04,0,5,15,86,10,0.48,0.74,0,0,0.0,0.0,0.0,0.0,0.0,0.0,0.0,0.0,0.0,
39,Molly Byman,-0.23,0.1,0.1,0.21,0.47,0,0,7,10,1,-0.7,0.0,0,0,0.0,0.0,0.0,0.0,0.0,0.0,0.0,0.0,0.0,
39,Ronnie Bardah,-0.78,0.0,0.0,0.1,0.0,0,0,7,9,1,-0.78,0.0,0,0,0.0,0.0,0.0,0.0,0.0,0.0,0.0,0.0,0.0,
40,Tony Vlachos,1.79,13.73,4.56,12.07,0.38,1,8,0,97,12,0.67,4.67,12,16,0.75,0.0,0.0,0.0,0.0,4.0,10.0,0.0,0.0,
40,Michele Fitzgerald,0.73,4.53,2.78,12.07,0.23,1,7,4,109,14,0.5,1.75,0,16,0.0,0.0,0.0,0.0,0.0,0.0,0.0,0.0,0.0,
40,Denise Stapley,0.79,4.39,2.48,10.07,0.25,1,6,4,100,11,0.54,1.91,0,0,0.0,0.0,0.0,0.0,0.0,0.0,0.0,0.0,0.0,
40,Natalie Anderson,0.86,4.35,2.0,5.1,0.39,0,1,7,21,3,0.22,0.85,4,16,0.25,0.0,0.0,0.0,0.0,0.0,0.0,0.0,0.0,
40,Sandra Diaz-Twine,0.95,4.04,0.31,1.04,0.3,4,2,1,24,3,0.65,3.73,0,0,0.0,0.0,0.0,0.0,0.0,0.0,0.0,0.0,0.0,
40,Ben Driebergen,0.9,3.93,1.54,11.07,0.14,0,10,5,105,13,0.77,2.39,0,0,0.0,0.0,0.0,0.0,0.0,0.0,0.0,0.0,0.0,
40,Sarah Lacina,0.64,3.8,1.29,12.07,0.11,0,7,2,97,13,0.54,2.51,0,0,0.0,0.0,0.0,0.0,0.0,0.0,0.0,0.0,0.0,
40,Yul Kwon,0.91,3.66,0.66,3.54,0.19,0,3,3,28,4,0.72,3.0,0,0,0.0,0.0,0.0,0.0,0.0,0.0,0.0,0.0,0.0,
40,Nick Wilson,0.88,3.36,1.66,10.07,0.16,0,8,8,90,11,0.72,1.7,0,0,0.0,0.0,0.0,0.0,0.0,0.0,0.0,0.0,0.0,
40,Sophie Clarke,0.79,3.22,1.62,7.07,0.23,0,4,6,65,7,0.56,1.6,0,0,0.0,0.0,0.0,0.0,0.0,0.0,0.0,0.0,0.0,
40,Kim Spradlin,0.74,3.17,2.09,8.07,0.26,0,4,9,73,8,0.48,1.08,0,0,0.0,0.0,0.0,0.0,0.0,0.0,0.0,0.0,0.0,
40,Jeremy Collins,0.82,2.91,1.48,9.07,0.16,0,6,9,79,9,0.65,1.44,0,0,0.0,0.0,0.0,0.0,0.0,0.0,0.0,0.0,0.0,
40,Ethan Zohn,0.66,2.44,0.11,2.45,0.05,0,2,4,27,3,0.62,2.33,0,0,0.0,0.0,0.0,0.0,0.0,0.0,0.0,0.0,0.0,
40,Tyson Apostol,0.78,2.39,1.34,5.79,0.23,0,3,12,51,5,0.55,1.05,0,0,0.0,0.0,0.0,0.0,0.0,0.0,0.0,0.0,0.0,
40,Wendell Holland,0.93,2.06,0.66,3.54,0.19,0,4,12,40,5,0.74,1.4,0,0,0.0,0.0,0.0,0.0,0.0,0.0,0.0,0.0,0.0,
40,Parvati Shallow,0.61,2.01,0.45,3.04,0.15,0,2,5,32,4,0.46,1.56,0,0,0.0,0.0,0.0,0.0,0.0,0.0,0.0,0.0,0.0,
40,Rob Mariano,0.56,2.0,0.25,2.79,0.09,0,2,4,32,4,0.47,1.75,0,0,0.0,0.0,0.0,0.0,0.0,0.0,0.0,0.0,0.0,
40,Adam Klein,0.83,1.99,1.0,4.74,0.21,0,4,15,55,6,0.62,0.98,0,0,0.0,0.0,0.0,0.0,0.0,0.0,0.0,0.0,0.0,
40,Danni Boatwright,0.34,1.28,0.11,2.32,0.05,0,1,8,19,2,0.29,1.17,0,0,0.0,0.0,0.0,0.0,0.0,0.0,0.0,0.0,0.0,
40,Amber Brkich,-0.55,0.1,0.1,2.21,0.05,0,0,6,10,1,-0.6,0.0,0,0,0.0,0.0,0.0,0.0,0.0,0.0,0.0,0.0,0.0,
41,Erika Casupanan,1.92,11.28,2.03,10.35,0.2,4,6,2,56,7,0.85,4.0,7,8,0.88,0.0,0.0,0.0,0.0,0.0,0.0,0.0,0.0,
41,Ricard Foye,1.1,6.29,4.92,10.35,0.48,1,7,9,73,11,0.63,1.37,0,0,0.0,0.0,0.0,0.0,0.0,0.0,0.0,0.0,0.0,
41,Xander Hastings,0.75,5.24,3.17,10.35,0.21,2,4,2,65,9,0.44,2.07,0,8,0.0,0.0,0.0,0.0,0.0,0.0,0.0,0.0,0.0,
41,Deshawn Radden,0.86,3.82,1.48,11.35,0.13,1,5,7,55,8,0.61,1.59,1,8,0.13,0.0,0.0,0.0,0.0,0.0,0.0,0.0,0.0,
41,Brad Reese,0.94,3.77,0.27,0.78,0.24,0,1,4,10,1,0.6,3.5,0,0,0.0,0.0,0.0,0.0,0.0,0.0,0.0,0.0,0.0,
41,Shan Smith,0.86,3.63,0.52,6.02,0.09,1,7,3,54,9,0.77,3.11,0,0,0.0,0.0,0.0,0.0,0.0,0.0,0.0,0.0,0.0,
41,Danny Mccray,0.57,3.54,2.31,9.35,0.25,0,2,3,50,6,0.32,1.33,0,0,0.0,0.0,0.0,0.0,0.0,0.0,0.0,0.0,0.0,
41,Evvie Jagoda,0.81,3.25,2.23,5.02,0.45,0,2,7,38,5,0.36,1.02,0,0,0.0,0.0,0.0,0.0,0.0,0.0,0.0,0.0,0.0,
41,Jd Robinson,0.97,2.85,0.52,1.28,0.4,0,2,4,14,3,0.57,2.33,0,0,0.0,0.0,0.0,0.0,0.0,0.0,0.0,0.0,0.0,
41,Heather Aldret,0.86,2.83,0.17,10.35,0.02,5,6,5,56,7,0.84,2.67,0,0,0.0,0.0,0.0,0.0,0.0,0.0,0.0,0.0,0.0,
41,Liana Wallace,0.81,2.26,0.83,7.02,0.12,1,5,10,54,7,0.69,1.13,0,0,0.0,0.0,0.0,0.0,0.0,0.0,0.0,0.0,0.0,
41,Naseer Muttalif,0.47,2.08,0.91,5.02,0.18,3,1,4,29,3,0.29,1.17,0,0,0.0,0.0,0.0,0.0,0.0,0.0,0.0,0.0,0.0,
41,David Voce,0.35,2.0,0.0,0.53,0.0,0,1,3,10,2,0.35,2.0,0,0,0.0,0.0,0.0,0.0,0.0,0.0,0.0,0.0,0.0,
41,Tiffany Seely,0.61,1.67,0.5,3.02,0.17,1,2,8,33,4,0.44,1.17,0,0,0.0,0.0,0.0,0.0,0.0,0.0,0.0,0.0,0.0,
41,Genie Chen,0.53,1.52,0.53,1.62,0.32,1,1,3,17,4,0.21,1.0,0,0,0.0,0.0,0.0,0.0,0.0,0.0,0.0,0.0,0.0,
41,Sydney Segal,-0.07,0.98,0.98,2.82,0.35,1,0,5,12,0,-0.42,0.0,0,0,0.0,0.0,0.0,0.0,0.0,0.0,0.0,0.0,0.0,
41,Sara Wilson,-0.17,0.17,0.17,0.33,0.5,0,0,4,6,1,-0.67,0.0,0,0,0.0,0.0,0.0,0.0,0.0,0.0,0.0,0.0,0.0,
41,Eric Abraham,-0.83,0.0,0.0,0.33,0.0,0,0,5,6,1,-0.83,0.0,0,0,0.0,0.0,0.0,0.0,0.0,0.0,0.0,0.0,0.0,
42,Maryanne Oketch,1.87,10.67,1.28,11.97,0.11,2,8,2,58,9,0.89,4.15,7,8,0.87,0.0,0.0,0.0,0.0,0.0,0.0,0.0,0.0,
42,Lindsay Dolashewich,1.11,6.41,4.08,10.97,0.37,2,6,5,58,8,0.74,2.33,0,0,0.0,0.0,0.0,0.0,0.0,0.0,0.0,0.0,0.0,
42,Jonathan Young,1.15,5.7,3.48,11.97,0.29,0,7,7,58,8,0.86,2.23,0,0,0.0,0.0,0.0,0.0,0.0,0.0,0.0,0.0,0.0,
42,Tori Meehan,1.33,5.38,3.04,4.97,0.61,0,3,5,35,4,0.71,2.33,0,0,0.0,0.0,0.0,0.0,0.0,0.0,0.0,0.0,0.0,
42,Mike Turner,1.02,5.0,1.63,10.97,0.15,1,6,4,64,8,0.74,2.63,1,8,0.13,1.0,1.0,1.0,0.0,0.0,0.0,0.0,0.0,
42,Omar Zaheer,0.89,4.74,2.08,8.97,0.23,2,4,3,54,6,0.66,2.67,0,0,0.0,0.0,0.0,0.0,0.0,0.0,0.0,0.0,0.0,
42,Hai Giang,1.04,3.75,1.63,6.97,0.23,0,5,7,44,6,0.81,2.12,0,0,0.0,0.0,0.0,0.0,0.0,0.0,0.0,0.0,0.0,
42,Romeo Escobar,0.68,3.07,1.52,10.97,0.14,4,5,6,56,9,0.54,1.56,0,8,0.0,0.0,0.0,0.0,0.0,0.0,0.0,0.0,0.0,
42,Drea Wheeler,0.83,2.98,0.64,6.97,0.09,3,6,5,51,8,0.74,2.33,0,0,0.0,0.0,0.0,0.0,0.0,0.0,0.0,0.0,0.0,
42,Rocksroy Bailey,0.59,2.24,0.84,3.97,0.21,2,2,4,36,5,0.38,1.4,0,0,0.0,0.0,0.0,0.0,0.0,0.0,0.0,0.0,0.0,
42,Lydia Meredith,0.72,2.08,0.53,2.77,0.19,2,2,8,20,3,0.53,1.56,0,0,0.0,0.0,0.0,0.0,0.0,0.0,0.0,0.0,0.0,
42,Swati Goel,0.57,1.73,0.39,1.32,0.3,0,1,3,17,3,0.27,1.33,0,0,0.0,0.0,0.0,0.0,0.0,0.0,0.0,0.0,0.0,
42,Chanelle Howell,0.11,0.63,0.63,2.97,0.21,1,0,9,31,3,-0.1,0.0,0,0,0.0,0.0,0.0,0.0,0.0,0.0,0.0,0.0,0.0,
42,Jenny Kim,-0.13,0.3,0.3,0.82,0.37,0,0,2,4,1,-0.5,0.0,0,0,0.0,0.0,0.0,0.0,0.0,0.0,0.0,0.0,0.0,
42,Marya Sherron,-0.65,0.2,0.2,0.57,0.35,0,0,4,4,1,-1.0,0.0,0,0,0.0,0.0,0.0,0.0,0.0,0.0,0.0,0.0,0.0,
42,Zach Wurtenberger,-0.55,0.17,0.17,0.37,0.45,0,0,5,5,1,-1.0,0.0,0,0,0.0,0.0,0.0,0.0,0.0,0.0,0.0,0.0,0.0,
42,Daniel Strunk,-0.05,0.1,0.1,1.07,0.06,4,0,2,9,2,-0.11,0.0,0,0,0.0,0.0,0.0,0.0,0.0,0.0,0.0,0.0,0.0,
42,Jackson Fox,-1.0,0.0,0.0,0.17,0.0,0,0,0,0,0,-1.0,0.0,0,0,0.0,0.0,0.0,0.0,0.0,0.0,0.0,0.0,0.0,
43,Mike Gabler,1.92,13.16,1.69,10.98,0.15,1,8,0,70,9,0.89,6.22,7,8,0.88,0.0,0.0,0.0,0.0,0.0,0.0,0.0,0.0,
43,Jesse Lopez,1.11,8.17,1.17,10.98,0.11,1,9,0,74,9,1.0,7.0,0,0,0.0,0.0,0.0,0.0,0.0,0.0,0.0,0.0,0.0,
43,Cassidy Clark,1.32,6.92,3.37,10.98,0.31,2,9,5,75,10,0.89,2.8,1,8,0.13,0.0,0.0,0.0,0.0,3.0,7.0,0.0,0.0,
43,Owen Knight,0.98,6.48,3.98,10.98,0.36,0,5,3,70,8,0.62,2.5,0,8,0.0,0.0,0.0,0.0,0.0,3.0,8.0,0.0,0.0,
43,Cody Assenmacher,1.14,5.1,2.33,8.98,0.26,0,8,5,69,9,0.88,2.77,0,0,0.0,0.0,0.0,0.0,0.0,0.0,0.0,0.0,0.0,
43,Karla Cruz Godoy,0.97,4.73,2.77,9.98,0.28,3,7,6,75,10,0.69,1.96,0,0,0.0,1.0,1.0,1.0,1.0,0.0,0.0,0.0,0.0,
43,Noelle Lambert,0.79,3.4,2.0,6.65,0.3,2,4,6,57,8,0.49,1.4,0,0,0.0,0.0,0.0,0.0,0.0,0.0,0.0,0.0,0.0,
43,Dwight Moore,1.04,2.86,1.17,2.65,0.44,0,2,7,33,3,0.6,1.7,0,0,0.0,0.0,0.0,0.0,0.0,0.0,0.0,0.0,0.0,
43,Sami Layadi,0.78,2.47,0.65,7.65,0.08,1,5,7,59,7,0.7,1.82,0,0,0.0,0.0,0.0,0.0,0.0,0.0,0.0,0.0,0.0,
43,James Jones,0.89,2.31,0.37,4.65,0.08,2,5,9,50,6,0.81,1.94,0,0,0.0,0.0,0.0,0.0,0.0,0.0,0.0,0.0,0.0,
43,Ryan Medrano,0.75,1.97,0.53,4.65,0.11,0,4,9,50,6,0.64,1.44,0,0,0.0,0.0,0.0,0.0,0.0,0.0,0.0,0.0,0.0,
43,Elie Scott,0.69,1.92,0.65,1.65,0.39,1,1,7,17,2,0.29,1.27,0,0,0.0,0.0,0.0,0.0,0.0,0.0,0.0,0.0,0.0,
43,Nneka Ejere,0.59,1.81,0.25,0.73,0.34,0,1,5,10,2,0.25,1.56,0,0,0.0,0.0,0.0,0.0,0.0,0.0,0.0,0.0,0.0,
43,Jeanine Zheng,0.45,1.41,0.69,3.65,0.19,1,1,9,40,3,0.26,0.72,0,0,0.0,0.0,0.0,0.0,0.0,0.0,0.0,0.0,0.0,
43,Lindsay Carmine,-0.37,0.37,0.37,1.23,0.3,1,0,4,6,1,-0.67,0.0,0,0,0.0,0.0,0.0,0.0,0.0,0.0,0.0,0.0,0.0,
43,Geo Bustamante,0.0,0.27,0.27,1.48,0.18,2,0,4,11,2,-0.18,0.0,0,0,0.0,0.0,0.0,0.0,0.0,0.0,0.0,0.0,0.0,
43,Justine Brennan,-0.13,0.25,0.25,0.53,0.47,0,0,3,5,1,-0.6,0.0,0,0,0.0,0.0,0.0,0.0,0.0,0.0,0.0,0.0,0.0,
43,Morriah Young,-0.83,0.0,0.0,0.33,0.0,0,0,5,6,1,-0.83,0.0,0,0,0.0,0.0,0.0,0.0,0.0,0.0,0.0,0.0,0.0,
44,Carson Garrett,1.22,9.31,3.18,9.15,0.35,2,7,0,61,8,0.88,6.13,0,0,0.0,0.0,0.0,0.0,0.0,0.0,0.0,0.0,0.0,
44,Yam Yam Arocho,1.71,8.77,1.56,11.15,0.14,0,7,6,70,10,0.69,1.96,7,8,0.88,0.0,0.0,0.0,0.0,0.0,0.0,0.0,0.0,
44,Frannie Marin,1.15,5.75,3.88,6.82,0.57,2,3,5,43,5,0.58,1.87,0,0,0.0,0.0,0.0,0.0,0.0,0.0,0.0,0.0,0.0,
44,Heidi Lagares-Greenblatt,0.99,4.44,2.13,10.15,0.21,2,6,8,66,9,0.65,1.56,1,8,0.13,0.0,0.0,0.0,0.0,0.0,0.0,0.0,0.0,
44,Brandon Cottom,1.06,4.03,2.28,3.82,0.6,0,2,4,29,4,0.47,1.75,0,0,0.0,1.0,1.0,1.0,2.0,0.0,0.0,0.0,0.0,
44,Lauren Harpe,0.59,4.01,2.87,9.15,0.31,3,2,3,60,7,0.28,1.14,0,0,0.0,0.0,0.0,0.0,0.0,0.0,0.0,0.0,0.0,
44,Danny Massa,0.96,3.73,1.13,7.82,0.14,0,5,5,50,6,0.82,2.59,0,0,0.0,1.0,1.0,1.0,6.0,0.0,0.0,0.0,0.0,
44,Carolyn Wiger,0.81,3.5,0.39,11.15,0.04,0,7,3,65,9,0.77,3.11,0,8,0.0,0.0,0.0,0.0,0.0,0.0,0.0,0.0,0.0,
44,Joshua Wilder,0.94,2.41,0.72,1.82,0.39,0,2,7,19,3,0.54,1.7,0,0,0.0,0.0,0.0,0.0,0.0,0.0,0.0,0.0,0.0,
44,Jaime Lynn Ruiz,0.41,1.86,0.83,9.15,0.09,2,3,5,60,9,0.32,1.04,0,0,0.0,0.0,0.0,0.0,0.0,0.0,0.0,0.0,0.0,
44,Matt Blankinship,0.31,1.3,1.3,2.82,0.46,0,0,3,20,1,-0.15,0.0,0,0,0.0,0.0,0.0,0.0,0.0,0.0,0.0,0.0,0.0,
44,Kane Fritzler,0.22,0.99,0.99,3.82,0.26,2,0,6,34,4,-0.04,0.0,0,0,0.0,0.0,0.0,0.0,0.0,0.0,0.0,0.0,0.0,
44,Matt Grinstead-Mayle,0.09,0.66,0.66,1.65,0.4,3,0,0,3,1,-0.31,0.0,0,0,0.0,0.0,0.0,0.0,0.0,0.0,0.0,0.0,0.0,
44,Sarah Wade,-0.08,0.23,0.23,1.32,0.17,0,0,2,8,1,-0.25,0.0,0,0,0.0,0.0,0.0,0.0,0.0,0.0,0.0,0.0,0.0,
44,Claire Rafson,-0.8,0.17,0.17,0.82,0.2,3,0,4,4,1,-1.0,0.0,0,0,0.0,0.0,0.0,0.0,0.0,0.0,0.0,0.0,0.0,
44,Helen Li,-0.57,0.1,0.1,0.57,0.18,0,0,3,4,1,-0.75,0.0,0,0,0.0,0.0,0.0,0.0,0.0,0.0,0.0,0.0,0.0,
44,Maddy Pomilla,-0.11,0.08,0.08,0.37,0.23,0,0,1,3,1,-0.33,0.0,0,0,0.0,0.0,0.0,0.0,0.0,0.0,0.0,0.0,0.0,
44,Bruce Perrault,-1.0,0.0,0.0,0.17,0.0,0,0,0,0,0,-1.0,0.0,0,0,0.0,0.0,0.0,0.0,0.0,0.0,0.0,0.0,0.0,
45,Austin Li Coon,1.37,10.72,4.09,10.98,0.37,1,5,0,63,8,0.63,4.38,3,8,0.38,2.0,2.0,1.0,0.0,0.0,0.0,0.0,0.0,
45,Dee Valladares,1.47,9.82,3.99,9.98,0.4,2,4,2,63,9,0.44,2.07,5,8,0.63,0.0,0.0,0.0,0.0,3.0,6.0,0.0,0.0,
45,Emily Flippen,0.97,5.55,1.35,5.98,0.23,2,6,1,58,8,0.75,4.2,0,0,0.0,0.0,0.0,0.0,0.0,0.0,0.0,0.0,0.0,
45,Bruce Perreault,0.93,4.77,3.22,6.98,0.46,1,2,5,40,4,0.47,1.56,0,0,0.0,0.0,0.0,0.0,0.0,0.0,0.0,0.0,0.0,
45,Katurah Topps,0.63,4.62,0.62,9.98,0.06,3,4,0,58,7,0.57,4.0,0,0,0.0,0.0,0.0,0.0,0.0,0.0,0.0,0.0,0.0,
45,J. Maya,1.08,4.45,0.95,1.65,0.58,1,1,0,16,2,0.5,3.5,0,0,0.0,0.0,0.0,0.0,0.0,0.0,0.0,0.0,0.0,
45,Drew Basile,0.75,3.53,2.13,7.98,0.27,2,4,6,58,8,0.49,1.4,0,0,0.0,0.0,0.0,0.0,0.0,0.0,0.0,0.0,0.0,
45,Julie Alley,0.88,3.3,1.33,11.98,0.11,1,7,7,63,9,0.77,1.98,0,0,0.0,0.0,1.0,1.0,6.0,0.0,0.0,0.0,0.0,
45,Kellie Nalbandian,0.67,2.5,1.47,3.65,0.4,2,1,5,25,3,0.27,1.04,0,0,0.0,0.0,0.0,0.0,0.0,0.0,0.0,0.0,0.0,
45,Kaleb Gebrewold,0.64,2.13,0.58,2.9,0.2,0,2,5,23,4,0.45,1.56,0,0,0.0,0.0,0.0,0.0,0.0,0.0,0.0,0.0,0.0,
45,Sifu Alsup,0.64,1.98,1.04,2.65,0.39,1,1,6,22,3,0.24,0.93,0,0,0.0,0.0,0.0,0.0,0.0,0.0,0.0,0.0,0.0,
45,Jake O'Kane,0.44,1.76,0.88,11.23,0.08,1,3,8,58,8,0.36,0.88,0,8,0.0,1.0,1.0,1.0,1.0,0.0,0.0,0.0,0.0,
45,Sean Edwards,0.45,1.58,0.25,1.23,0.2,0,1,3,11,3,0.24,1.33,0,0,0.0,0.0,0.0,0.0,0.0,0.0,0.0,0.0,0.0,
45,Kendra McQuarrie,0.37,1.55,0.99,4.98,0.2,0,1,6,37,5,0.17,0.56,0,0,0.0,0.0,0.0,0.0,0.0,0.0,0.0,0.0,0.0,
45,Brando Meyer,-0.39,0.37,0.37,1.73,0.21,1,0,3,5,1,-0.6,0.0,0,0,0.0,0.0,0.0,0.0,0.0,0.0,0.0,0.0,0.0,
45,Sabiyah Broderick,-0.14,0.25,0.25,1.28,0.19,0,0,2,6,1,-0.33,0.0,0,0,0.0,0.0,0.0,0.0,0.0,0.0,0.0,0.0,0.0,
45,Brandon Donlon,-1.0,0.0,0.0,0.53,0.0,0,0,3,3,1,-1.0,0.0,0,0,0.0,0.0,0.0,0.0,0.0,0.0,0.0,0.0,0.0,
45,Hannah Rose,-1.0,0.0,0.0,0.33,0.0,0,0,0,0,0,-1.0,0.0,0,0,0.0,0.0,0.0,0.0,0.0,0.0,0.0,0.0,0.0,
46,Kenzie Petty,1.67,10.92,2.58,11.12,0.23,0,9,1,75,11,0.82,4.58,5,8,0.63,0.0,0.0,0.0,0.0,0.0,0.0,0.0,0.0,
46,Charlie Davis,1.58,10.25,3.85,12.12,0.32,1,8,2,68,9,0.89,4.15,3,8,0.38,0.0,0.0,0.0,0.0,0.0,0.0,0.0,0.0,
46,Liz Wilcox,0.96,7.08,0.96,11.12,0.09,3,7,0,62,8,0.88,6.13,0,0,0.0,0.0,0.0,0.0,0.0,0.0,0.0,0.0,0.0,
46,Maria Shrime Gonzalez,1.12,6.4,3.6,11.12,0.32,2,8,4,68,10,0.79,2.8,0,0,0.0,0.0,0.0,0.0,0.0,3.0,6.0,0.0,0.0,
46,Ben Katzman,0.89,4.31,1.68,11.12,0.15,2,6,4,68,8,0.74,2.63,0,8,0.0,0.0,0.0,0.0,0.0,0.0,0.0,0.0,0.0,
46,Hunter Mcknight,0.86,3.93,2.99,5.12,0.58,0,2,4,13,2,0.85,3.5,0,0,0.0,0.0,0.0,0.0,0.0,0.0,0.0,0.0,0.0,
46,Bhanu Gopal,1.04,3.75,0.25,1.28,0.19,0,2,4,13,2,0.85,3.5,0,0,0.0,0.0,0.0,0.0,0.0,0.0,0.0,0.0,0.0,
46,Tiffany Ervin,0.93,3.14,0.42,6.12,0.07,1,7,5,57,8,0.86,2.72,0,0,0.0,0.0,0.0,0.0,0.0,0.0,0.0,0.0,0.0,
46,Tim Spicer,0.85,3.02,0.68,2.78,0.25,0,2,4,23,3,0.61,2.33,0,0,0.0,0.0,0.0,0.0,0.0,0.0,0.0,0.0,0.0,
46,Q Burdette,0.96,2.98,1.58,9.12,0.17,0,8,12,70,10,0.78,1.4,0,0,0.0,0.0,0.0,0.0,0.0,0.0,0.0,0.0,0.0,
46,Soda Thompson,0.71,2.66,0.91,2.78,0.33,2,1,4,17,2,0.38,1.75,0,0,0.0,0.0,0.0,0.0,0.0,0.0,0.0,0.0,0.0,
46,Venus Vafa,0.66,2.37,1.37,7.12,0.19,1,3,10,51,6,0.47,1.0,0,0,0.0,0.0,0.0,0.0,0.0,0.0,0.0,0.0,0.0,
46,Tevin Davis,0.61,2.19,1.41,3.78,0.37,1,1,8,27,3,0.23,0.78,0,0,0.0,0.0,0.0,0.0,0.0,0.0,0.0,0.0,0.0,
46,Jess Chong,0.3,1.75,0.0,0.53,0.0,0,1,4,10,2,0.3,1.75,0,0,0.0,0.0,0.0,0.0,0.0,0.0,0.0,0.0,0.0,
46,Randen Montalvo,-0.32,0.53,0.53,0.78,0.68,1,0,0,0,0,-1.0,0.0,0,0,0.0,0.0,0.0,0.0,0.0,0.0,0.0,0.0,0.0,
46,Moriah Gaynor,-0.06,0.42,0.42,1.78,0.23,3,0,10,17,2,-0.29,0.0,0,0,0.0,0.0,0.0,0.0,0.0,0.0,0.0,0.0,0.0,
46,Jem Hussain-Adams,-0.5,0.27,0.27,1.62,0.16,2,0,4,6,1,-0.67,0.0,0,0,0.0,0.0,0.0,0.0,0.0,0.0,0.0,0.0,0.0,
46,David Jelinsky,-1.0,0.0,0.0,0.33,0.0,0,0,5,5,1,-1.0,0.0,0,0,0.0,0.0,0.0,0.0,0.0,0.0,0.0,0.0,0.0,
47,Rachel Lamont,2.01,15.56,5.41,12.33,0.44,0,7,0,74,10,0.7,4.9,7,8,0.88,0.0,0.0,0.0,0.0,0.0,0.0,0.0,0.0,
47,Kyle Ostwald,1.33,7.54,5.68,8.33,0.68,0,4,6,58,6,0.65,1.87,0,0,0.0,0.0,0.0,0.0,0.0,4.0,6.0,0.0,0.0,
47,Sam Phalen,1.32,5.31,2.41,11.33,0.21,0,8,9,74,8,0.98,2.15,1,8,0.13,0.0,0.0,0.0,0.0,0.0,0.0,0.0,0.0,
47,Teeny Chirichillo,0.61,4.69,2.2,13.33,0.17,0,4,1,74,9,0.44,2.49,0,0,0.0,0.0,0.0,0.0,0.0,0.0,0.0,0.0,0.0,
47,Sue Smey,0.85,4.64,1.84,12.33,0.15,2,7,3,75,10,0.7,2.8,0,8,0.0,0.0,0.0,0.0,0.0,0.0,0.0,0.0,0.0,
47,Anika Dhar,1.18,4.27,0.77,1.33,0.58,1,1,4,10,1,0.6,3.5,0,0,0.0,0.0,0.0,0.0,0.0,0.0,0.0,0.0,0.0,
47,Genevieve Mushaluk,0.92,4.15,2.64,11.16,0.24,2,7,9,74,10,0.69,1.51,0,0,0.0,0.0,0.0,0.0,0.0,0.0,0.0,0.0,0.0,
47,Caroline Vidmar,0.93,4.1,0.68,8.33,0.08,0,6,3,65,7,0.85,3.43,0,0,0.0,0.0,0.0,0.0,0.0,0.0,0.0,0.0,0.0,
47,Gabe Ortis,1.12,3.83,2.03,6.33,0.32,0,5,9,50,6,0.8,1.79,0,0,0.0,0.0,0.0,0.0,0.0,0.0,0.0,0.0,0.0,
47,Kishan Patel,0.89,3.77,0.27,0.93,0.29,0,1,4,10,1,0.6,3.5,0,0,0.0,0.0,0.0,0.0,0.0,0.0,0.0,0.0,0.0,
47,Sierra Wright,0.93,3.56,0.93,4.49,0.21,0,3,4,31,4,0.72,2.63,0,0,0.0,0.0,0.0,0.0,0.0,0.0,0.0,0.0,0.0,
47,Tiyana Hallums,0.88,3.01,0.68,2.49,0.27,0,2,4,23,3,0.61,2.33,0,0,0.0,0.0,0.0,0.0,0.0,0.0,0.0,0.0,0.0,
47,Andy Rueda,0.73,2.84,0.77,10.33,0.07,0,6,5,69,9,0.66,2.07,0,0,0.0,0.0,0.0,0.0,0.0,0.0,0.0,0.0,0.0,
47,Rome Cooney,0.91,2.01,0.39,1.49,0.26,0,3,9,22,4,0.65,1.62,0,0,0.0,0.0,0.0,0.0,0.0,0.0,0.0,0.0,0.0,
47,Solomon Yi,0.33,1.32,0.89,4.99,0.18,0,1,9,40,5,0.16,0.43,0,0,0.0,0.0,0.0,0.0,0.0,0.0,0.0,0.0,0.0,
47,Jon Lovett,-0.33,0.17,0.17,0.33,0.5,0,0,5,6,1,-0.83,0.0,0,0,0.0,0.0,0.0,0.0,0.0,0.0,0.0,0.0,0.0,
47,Aysha Welch,-0.27,0.17,0.17,0.73,0.23,1,0,3,6,1,-0.5,0.0,0,0,0.0,0.0,0.0,0.0,0.0,0.0,0.0,0.0,0.0,
47,Tk Foster,-0.51,0.08,0.08,0.53,0.16,0,0,4,6,1,-0.67,0.0,0,0,0.0,0.0,0.0,0.0,0.0,0.0,0.0,0.0,0.0,
